-- MySQL dump 10.13  Distrib 8.0.23, for Win64 (x86_64)
--
-- Host: localhost    Database: web_shop
-- ------------------------------------------------------
-- Server version	8.0.23

/*!40101 SET @OLD_CHARACTER_SET_CLIENT=@@CHARACTER_SET_CLIENT */;
/*!40101 SET @OLD_CHARACTER_SET_RESULTS=@@CHARACTER_SET_RESULTS */;
/*!40101 SET @OLD_COLLATION_CONNECTION=@@COLLATION_CONNECTION */;
/*!50503 SET NAMES utf8mb4 */;
/*!40103 SET @OLD_TIME_ZONE=@@TIME_ZONE */;
/*!40103 SET TIME_ZONE='+00:00' */;
/*!40014 SET @OLD_UNIQUE_CHECKS=@@UNIQUE_CHECKS, UNIQUE_CHECKS=0 */;
/*!40014 SET @OLD_FOREIGN_KEY_CHECKS=@@FOREIGN_KEY_CHECKS, FOREIGN_KEY_CHECKS=0 */;
/*!40101 SET @OLD_SQL_MODE=@@SQL_MODE, SQL_MODE='NO_AUTO_VALUE_ON_ZERO' */;
/*!40111 SET @OLD_SQL_NOTES=@@SQL_NOTES, SQL_NOTES=0 */;

--
-- Table structure for table `delivery_type`
--

DROP TABLE IF EXISTS `delivery_type`;
/*!40101 SET @saved_cs_client     = @@character_set_client */;
/*!50503 SET character_set_client = utf8mb4 */;
CREATE TABLE `delivery_type` (
  `id` int unsigned NOT NULL AUTO_INCREMENT,
  `name` varchar(30) DEFAULT NULL,
  PRIMARY KEY (`id`)
) ENGINE=InnoDB AUTO_INCREMENT=4 DEFAULT CHARSET=utf8mb4 COLLATE=utf8mb4_0900_ai_ci;
/*!40101 SET character_set_client = @saved_cs_client */;

--
-- Dumping data for table `delivery_type`
--

LOCK TABLES `delivery_type` WRITE;
/*!40000 ALTER TABLE `delivery_type` DISABLE KEYS */;
INSERT INTO `delivery_type` VALUES (1,'sint'),(2,'velit'),(3,'dignissimos');
/*!40000 ALTER TABLE `delivery_type` ENABLE KEYS */;
UNLOCK TABLES;

--
-- Table structure for table `goods`
--

DROP TABLE IF EXISTS `goods`;
/*!40101 SET @saved_cs_client     = @@character_set_client */;
/*!50503 SET character_set_client = utf8mb4 */;
CREATE TABLE `goods` (
  `id` bigint unsigned NOT NULL AUTO_INCREMENT,
  `subcategory_id` int DEFAULT NULL,
  `title` varchar(30) NOT NULL,
  `description` varchar(255) DEFAULT NULL,
  `cost` int NOT NULL,
  `quantity` int NOT NULL,
  `manufacturer_id` int DEFAULT NULL,
  `created_at` datetime NOT NULL DEFAULT CURRENT_TIMESTAMP,
  PRIMARY KEY (`id`),
  KEY `goods_subcategory_id_fk` (`subcategory_id`),
  KEY `goods_manufacturer_id_fk` (`manufacturer_id`),
  CONSTRAINT `goods_manufacturer_id_fk` FOREIGN KEY (`manufacturer_id`) REFERENCES `manufacturer` (`id`) ON DELETE SET NULL,
  CONSTRAINT `goods_subcategory_id_fk` FOREIGN KEY (`subcategory_id`) REFERENCES `subcategory` (`id`) ON DELETE SET NULL
) ENGINE=InnoDB AUTO_INCREMENT=51 DEFAULT CHARSET=utf8mb4 COLLATE=utf8mb4_0900_ai_ci;
/*!40101 SET character_set_client = @saved_cs_client */;

--
-- Dumping data for table `goods`
--

LOCK TABLES `goods` WRITE;
/*!40000 ALTER TABLE `goods` DISABLE KEYS */;
INSERT INTO `goods` VALUES (1,5,'ad','Ex rerum autem tenetur dicta corrupti minus earum autem. Sed rem dolor minima et alias ut tempora. Repellat qui magnam soluta et atque eum eos.',662,200,9,'1985-01-18 02:13:51'),(2,1,'quis','Occaecati natus sed eaque tempore. Neque est doloribus quis ut animi necessitatibus. Facere architecto pariatur rerum illum ab. Sed unde voluptas sapiente sit.',5445,200,5,'1988-10-28 14:42:19'),(3,3,'similique','Corporis et eligendi reiciendis necessitatibus veniam a. Vero ab velit nam perspiciatis voluptas labore. Debitis fugiat sed laborum voluptas ut consequatur nam.',8078,934,1,'1980-05-30 12:17:33'),(4,9,'culpa','Consequatur odio velit tempora quis. Rem ullam voluptatem illum quia dolores aliquam. Eum culpa ut magni et. Autem ab amet repudiandae non in illo optio deleniti.',7075,461,9,'2021-01-20 16:44:30'),(5,8,'ut','Pariatur recusandae atque qui dignissimos voluptatem earum ipsum. Blanditiis beatae dicta nam. Possimus mollitia rerum molestiae ut eos expedita sed. Adipisci aliquam cum esse suscipit.',7573,612,6,'1976-05-29 20:02:26'),(6,10,'omnis','Minus commodi nihil corrupti neque ut. Dolorum tenetur eaque quo consequatur velit distinctio. Tenetur voluptatem commodi quae possimus atque velit saepe.',3515,568,4,'2018-01-01 23:29:38'),(7,9,'et','Sed necessitatibus placeat est beatae. Eum quaerat totam animi et eum perferendis qui omnis. Nisi inventore incidunt id molestiae veniam officia minus.',4934,880,8,'2014-02-21 14:32:21'),(8,6,'animi','Facilis delectus et reprehenderit minima ea nostrum quis dolorem. Consequatur dolorum nostrum recusandae deleniti neque recusandae quia. Ipsa aperiam velit earum placeat.',3091,234,4,'1999-03-01 17:22:27'),(9,4,'voluptatum','Perspiciatis excepturi non non qui nostrum. Impedit optio quae esse quidem. Dolorem debitis eos nemo earum quos. Non qui sint aut sit quia ipsum. Quo quo sit qui deserunt.',8296,850,6,'2009-03-13 02:51:53'),(10,9,'ducimus','Eaque rerum consequatur quia mollitia optio. Et quia laudantium et quo et nemo exercitationem. Et voluptas optio modi et ipsum. Voluptatem fuga aliquam necessitatibus id repellat.',164,171,7,'2001-07-17 12:13:02'),(11,4,'inventore','A qui optio aut sed velit voluptates. Excepturi et similique sapiente quos doloribus. Est molestiae et et nostrum vel hic neque repellat.',3697,531,10,'1979-06-30 04:28:54'),(12,6,'voluptatum','Quas nisi soluta saepe temporibus facilis. Quas magni iure occaecati possimus amet eaque.',6218,804,5,'1970-07-23 22:00:11'),(13,6,'magni','Sed cupiditate culpa accusantium exercitationem. Deleniti pariatur officia repellendus est possimus consectetur vel. Quod ad dignissimos molestias libero ipsum fugiat qui.',6825,892,6,'1984-12-12 23:00:19'),(14,7,'quia','Dolores voluptatem placeat dignissimos harum. Consectetur nihil qui unde autem quo officia fugit. Qui reiciendis deleniti ipsa praesentium similique.',1124,847,10,'1990-08-29 18:25:24'),(15,5,'odit','Et enim aut qui nobis modi veritatis. Aut harum accusamus ut consectetur qui. Illum aspernatur culpa alias. Esse magnam tenetur beatae aspernatur.',3514,331,6,'1996-10-30 07:37:22'),(16,4,'molestias','Quia ipsa a excepturi commodi eum. Repellat sint minima aspernatur qui. Deserunt ut repellendus est eos animi. Autem sint reiciendis ea molestiae facilis minus minus.',5444,818,9,'1983-10-01 00:00:01'),(17,4,'est','Eum sunt provident maxime alias debitis. Corrupti et quidem quos eum. Et asperiores cum voluptatem omnis molestiae eos iste ut.',569,610,4,'2011-08-27 23:33:51'),(18,3,'tenetur','Et architecto delectus velit nulla. Magni dolorum est quos earum officia ut. Iure autem optio tempora aut.',788,638,6,'1974-09-26 03:42:06'),(19,4,'corrupti','Quisquam non quae ex incidunt dolorem est. Perspiciatis magnam magni suscipit veritatis voluptatem. Quia alias temporibus quasi rerum et unde.',2464,471,2,'1993-10-20 12:07:27'),(20,5,'est','Ut saepe voluptas consequatur fugiat. Facilis explicabo velit ipsam nobis.\nAb consequuntur quod qui vel fuga. Et similique et explicabo corrupti et molestiae error. Porro in minima quia sint sunt.',7434,471,2,'1990-09-13 05:20:23'),(21,8,'odio','Est alias dolorum et error est et repellendus quia. Quia eum facere qui. Optio magni aut id ducimus modi. Eos vero suscipit maiores illo optio.',213,379,4,'2011-08-17 07:01:14'),(22,5,'expedita','Ut error commodi odio unde autem aliquid. Rem sint dolor laboriosam est dolorum tempore qui optio. Libero quo non eos numquam repellendus.',5294,695,7,'2013-05-13 19:06:17'),(23,1,'unde','Laudantium nostrum ullam consectetur autem quo odit sed sint. Illo velit dolores sit alias est ut tenetur. Dignissimos facilis ad autem facilis atque neque ut. Et corrupti sit sed consequuntur quod.',5434,23,1,'2012-06-15 13:26:39'),(24,1,'officia','Occaecati id ex quia dolores. Ratione ab consequatur odio voluptatem aliquid aut. Animi ad nulla saepe nisi ipsam velit id ipsa. Ea voluptatum enim maxime debitis quo suscipit.',2526,316,4,'2001-06-05 16:39:20'),(25,6,'amet','Quod deserunt accusamus minus praesentium. Recusandae molestiae consequuntur eum quasi eos dicta. Deleniti libero aut est non. Harum impedit fugit id omnis.',9531,505,9,'2007-03-10 19:00:46'),(26,1,'et','Quidem laudantium voluptas ullam velit dolor. Omnis qui porro molestiae molestiae. Aliquam minima excepturi eius excepturi molestias molestias consequatur. Ut dolor sint a.',2913,313,10,'1991-07-10 20:33:21'),(27,8,'eos','Et modi maiores ad quas. Harum quidem soluta ullam veniam soluta esse.',1989,944,6,'1990-09-10 04:07:17'),(28,4,'optio','Fugiat nesciunt et rerum minus ut. Nam libero aut consequatur ipsum. Et dolor porro et provident labore.',6206,659,3,'1972-04-06 10:37:43'),(29,1,'id','Aut architecto id magnam quo placeat. Cum voluptatibus illo dolor et quia necessitatibus. Aut et harum quas.',3491,560,10,'1985-06-20 17:50:21'),(30,3,'dolorem','Illo sequi quia laboriosam eos porro ut odit. Sed ut qui unde ut omnis eum dignissimos. Nobis libero et et dicta.\nDolores voluptatem corporis excepturi aspernatur vero. Eligendi et velit maiores eum.',5837,916,5,'1991-02-02 18:32:55'),(31,6,'voluptatem','Alias quia omnis et optio aut voluptatem architecto. Perferendis ut aut eaque libero facilis placeat. Nesciunt blanditiis consequuntur consequatur enim.',3999,804,6,'1975-07-02 09:25:31'),(32,4,'voluptatem','Et et autem qui quas est. Id hic aut id possimus nihil repudiandae possimus. In sapiente aut illo earum. Vero iste repellendus et est vero iure dolore rerum.',6660,107,9,'1982-08-25 16:52:05'),(33,10,'alias','Aperiam recusandae optio molestiae magnam architecto. Deleniti esse cumque quis. Et veritatis est saepe tempora ipsum necessitatibus.',1633,212,6,'2014-12-06 11:01:51'),(34,5,'cumque','Provident labore et ipsam dolor dolorum. Aperiam in ducimus provident rerum et facere qui. Aut dolorem nesciunt vitae iusto similique quibusdam. Et eos nisi et dolor aperiam suscipit eos.',255,747,3,'1977-06-07 03:41:45'),(35,8,'ipsum','Necessitatibus repellat a ratione beatae. Error cum est et voluptatibus dolores molestiae quia necessitatibus.',4586,193,9,'2006-05-06 12:54:27'),(36,4,'aut','Voluptatum est quod sapiente recusandae facilis. Molestiae tempore vero et quibusdam voluptas quam.',8328,302,5,'1985-12-20 08:42:31'),(37,3,'quam','Est a placeat consequuntur. Odit dolores corrupti et repellendus non incidunt.',2987,216,9,'1995-10-29 18:15:13'),(38,1,'vitae','In impedit et perferendis dolores id ut rerum. Quidem deleniti aperiam temporibus facere et debitis facilis et. Tempora aut odio aut incidunt perspiciatis et vero.',8619,204,4,'2006-05-15 08:10:10'),(39,9,'quis','Nihil delectus incidunt ab beatae qui. Eius qui incidunt quia omnis tenetur.',1427,711,1,'1976-06-12 05:14:29'),(40,8,'sunt','Ad et nostrum fugiat qui quas. Officia voluptas eum quidem. Magnam enim maiores velit assumenda.',587,682,5,'2003-12-19 14:08:09'),(41,10,'dolorem','Omnis modi qui optio dolor. Consequatur repellat est ex illo iure architecto. Nobis blanditiis sit voluptas aut ad. Consequuntur tempora vel velit eveniet sunt.',2324,628,8,'1985-08-06 15:22:15'),(42,4,'ipsa','Quam nam autem recusandae autem assumenda. Vel quam est ut. Voluptatem dolorum et enim iusto qui.',5031,262,7,'1994-11-21 08:09:42'),(43,3,'et','Repellendus porro aut aliquam cupiditate velit. Minus maiores nam commodi. Illo aut corporis dolor sint doloribus consequuntur omnis quos.',436,950,8,'2011-03-31 06:25:37'),(44,10,'pariatur','Eum officiis aut vero. Maxime magni ut odit omnis. Ad eligendi ex laudantium a ut natus aut. Voluptatum fuga ullam reiciendis blanditiis aut ut. Natus impedit debitis et.',3528,342,4,'1990-11-10 17:15:18'),(45,7,'consequatur','Et enim ad est. Numquam itaque sit aut eius saepe aut minus tempore. In eligendi qui repudiandae neque.',4259,605,2,'1979-12-25 08:17:52'),(46,8,'aut','Maxime ea qui ratione aut. Voluptatem omnis esse eos sed ullam cupiditate et autem. Recusandae impedit iste et est. Autem libero eos aut nemo omnis.',6568,109,3,'1999-05-31 05:05:34'),(47,8,'aliquid','Eius ut aliquam amet quos ut. Itaque explicabo dolorum omnis deserunt omnis minima. Voluptate impedit quasi cumque officiis corporis voluptate est.',3421,820,1,'2000-02-17 23:23:33'),(48,1,'quas','Eligendi ab est atque vero explicabo dolores. Est rem dignissimos aut quia modi facere. Quis aut omnis nesciunt maiores molestiae velit enim.',3678,190,7,'1987-01-11 02:04:06'),(49,7,'est','Quis qui illum vero qui. Et porro soluta ea non. In tenetur enim rem libero quae et voluptatem.',4710,33,6,'1992-03-21 02:37:15'),(50,10,'qui','Et aspernatur corrupti asperiores officiis. Tenetur suscipit ratione quam voluptatibus quis id aut. Optio eos hic maxime eligendi enim deleniti.',1128,228,4,'1986-04-03 07:50:52');
/*!40000 ALTER TABLE `goods` ENABLE KEYS */;
UNLOCK TABLES;

--
-- Table structure for table `goods_comments`
--

DROP TABLE IF EXISTS `goods_comments`;
/*!40101 SET @saved_cs_client     = @@character_set_client */;
/*!50503 SET character_set_client = utf8mb4 */;
CREATE TABLE `goods_comments` (
  `id` bigint unsigned NOT NULL AUTO_INCREMENT,
  `user_id` bigint unsigned DEFAULT NULL,
  `comment` varchar(255) DEFAULT NULL,
  `goods_id` bigint unsigned NOT NULL,
  `created_at` datetime NOT NULL DEFAULT CURRENT_TIMESTAMP,
  `score` int NOT NULL,
  PRIMARY KEY (`id`),
  KEY `goods_comments_user_id_fk` (`user_id`),
  KEY `goods_comments_goods_id_fk` (`goods_id`),
  CONSTRAINT `goods_comments_goods_id_fk` FOREIGN KEY (`goods_id`) REFERENCES `goods` (`id`) ON DELETE CASCADE,
  CONSTRAINT `goods_comments_user_id_fk` FOREIGN KEY (`user_id`) REFERENCES `users` (`id`) ON DELETE SET NULL
) ENGINE=InnoDB AUTO_INCREMENT=301 DEFAULT CHARSET=utf8mb4 COLLATE=utf8mb4_0900_ai_ci;
/*!40101 SET character_set_client = @saved_cs_client */;

--
-- Dumping data for table `goods_comments`
--

LOCK TABLES `goods_comments` WRITE;
/*!40000 ALTER TABLE `goods_comments` DISABLE KEYS */;
INSERT INTO `goods_comments` VALUES (1,87,'Nemo sit fugit iure odio non. Nobis laudantium architecto et ut et ratione rerum. Vero eveniet nostrum sit repellendus.',3,'1993-04-13 00:09:05',4),(2,72,'Labore eum enim dolor reiciendis. Facere nihil sunt ducimus recusandae quisquam. Illum error velit incidunt hic.',24,'2008-09-14 16:12:34',3),(3,7,'Nostrum quisquam quia perspiciatis eveniet voluptas et id ut. Aliquam eum et a.',29,'2014-02-26 05:27:17',5),(4,28,'Harum sit consequuntur et sint id quo culpa. Officiis doloremque assumenda necessitatibus ut. Nesciunt perspiciatis amet et dolores ut. Minima officia ex provident vel consequatur qui consequatur.',15,'2014-02-02 22:34:50',4),(5,40,'Quaerat beatae architecto quas laboriosam minus est ducimus. Laboriosam maxime consequuntur et iusto consectetur itaque. Tenetur maiores repellendus et et possimus.',41,'2006-03-18 02:04:34',1),(6,66,'Totam consequuntur unde aut voluptatibus. Aut est officiis beatae ducimus officiis dolor eos. In et ducimus magni deleniti nemo sed consectetur libero. Magni vel sunt repellendus ut.',2,'1989-01-19 05:10:50',4),(7,71,'Aut necessitatibus sit velit et expedita quo. Quas rerum in voluptas ab ut accusantium. Optio laudantium maxime maxime error voluptas id.',41,'2005-01-23 05:45:57',2),(8,1,'Optio sit laboriosam qui dolorem impedit quibusdam. Labore nostrum inventore adipisci quis optio. Nostrum et minus beatae. Consequuntur autem est incidunt totam natus hic tempore.',42,'1985-04-09 05:34:04',3),(9,20,'Voluptatem placeat veritatis sit. Tempore veniam velit culpa tempore sed reiciendis et.\nRecusandae asperiores ut voluptate sit earum molestiae. Quis enim nihil quia earum vitae aut velit sequi.',28,'2008-06-14 20:30:58',2),(10,12,'Perferendis quia ullam et nostrum eum. Architecto dolorem quaerat dignissimos perspiciatis et rerum voluptatem.',37,'1995-01-23 12:18:26',1),(11,22,'Unde ut adipisci odit ex porro. Dicta velit sunt fugiat.\nIllo deserunt voluptate consequatur iste qui molestias. Necessitatibus ut dolorum rerum atque. Illum amet nihil porro et.',19,'1983-11-08 16:05:14',1),(12,18,'Ullam reprehenderit nulla dolores velit et. Quo aut quibusdam temporibus. Est ipsam quod a quidem quis perferendis omnis. Et perferendis maxime assumenda.',9,'2018-11-02 10:16:48',3),(13,55,'Praesentium saepe est aut. Aut consectetur nihil ex eveniet. Dolor occaecati sed et in rerum. Nobis libero corrupti natus laudantium aut voluptas omnis atque.',23,'1988-09-24 12:14:01',2),(14,25,'Consectetur esse aut dolores repellendus delectus recusandae. Minus et harum repudiandae. Vero consequatur beatae rerum unde in. Commodi suscipit qui autem eaque.',28,'2019-12-20 22:39:58',5),(15,87,'Tempora magnam ab odit enim. Optio sed voluptates recusandae excepturi. Qui quia accusantium nulla aut saepe.',31,'1977-05-19 11:00:09',3),(16,38,'Nisi sit dolorum voluptatem qui dolorum aut est. Aut inventore cumque voluptatibus aut veniam quo harum et. Corrupti sed aspernatur et iure quos.',37,'1983-11-12 02:42:52',1),(17,66,'Fugiat architecto sit nihil odio provident quod. Suscipit et esse maxime ad. Placeat sit porro ut. Tempore dolorem necessitatibus ipsum hic repellat aliquam voluptatibus.',5,'1998-12-10 05:48:24',2),(18,21,'Et distinctio dolor ut suscipit temporibus. Autem dolor sed veritatis iste voluptatem est itaque. Dolore officiis excepturi saepe. Id quia nesciunt in tempora soluta magnam.',37,'2004-02-17 13:40:54',5),(19,67,'Ut eveniet laudantium ut odit temporibus et quaerat unde. Voluptate dolores iure ut in temporibus autem et et. Dolores libero veritatis unde sed illo consequatur sint.',24,'1994-07-16 20:24:46',1),(20,1,'Consequatur libero nostrum numquam sunt eos ad. Pariatur est et et. Aut consequatur facere enim.',3,'2010-01-08 01:22:46',4),(21,28,'Enim doloremque porro odio dignissimos velit consequatur aperiam. Quia id a cumque et. Assumenda soluta voluptas illum omnis deleniti in.',34,'1981-04-08 14:28:34',4),(22,9,'Sint dolorem qui minus animi provident consequatur. Itaque voluptatem dolore eaque aliquid consectetur animi consequuntur. Est minus et voluptatibus repudiandae.',50,'1995-09-13 07:39:55',4),(23,49,'Quidem quae consequatur eum dicta. Et autem sunt modi et alias placeat modi voluptatem. Quia vel nihil rerum et occaecati illum.',5,'2015-03-24 04:17:59',3),(24,81,'Sint nostrum occaecati nihil doloremque sapiente consequuntur. Quia minus enim corrupti est omnis corrupti. Adipisci quibusdam quia nam nobis qui doloribus reprehenderit.',35,'1971-11-06 12:05:15',3),(25,65,'Voluptatem in et sunt dolorem. Suscipit et voluptatem similique. Suscipit quod eum officiis deleniti. Enim ut fuga sunt itaque. Unde est quis nam dignissimos.',47,'1997-03-21 01:50:32',5),(26,41,'Optio inventore ut sit. Quidem sint quia rem et beatae. Laudantium ea ad voluptatum minus ad quas dignissimos. Qui nihil aperiam cupiditate harum non.',43,'2007-08-26 19:53:38',1),(27,30,'Et corrupti aut consequatur est magni in incidunt. Eius corrupti iusto et occaecati ut illum quis consequatur. Ut maiores quia est quis corrupti quam. Suscipit fugit perferendis quis.',30,'1982-08-01 14:38:29',2),(28,3,'Voluptas et officiis aspernatur ut. Maiores voluptates porro amet ut repellendus suscipit accusantium. Tenetur eos sed eos mollitia maxime.',42,'1980-03-01 16:03:08',3),(29,3,'Qui assumenda maiores excepturi et aliquam quia. Recusandae et ipsum omnis autem ut. Eaque laborum debitis ratione recusandae in vel ut. Voluptates minima quos aliquid non.',14,'1990-07-25 05:36:58',5),(30,39,'Possimus provident quidem in ipsam. Quidem omnis magnam consequuntur voluptatum veniam et. Temporibus quidem accusantium illum non consectetur. Sit iure vel rem voluptatem nesciunt quis.',45,'1995-02-08 11:10:19',5),(31,88,'Suscipit provident distinctio eum nemo. Alias numquam labore suscipit voluptates voluptate. Porro est sapiente saepe dignissimos ut aut. Quisquam odit totam iure sit.',38,'2008-10-06 22:17:46',1),(32,62,'Et iure ea aut. Adipisci cupiditate saepe nihil. Ab et ducimus rerum. Sapiente possimus necessitatibus aut quisquam maxime consequatur sed.',27,'2006-03-22 05:43:46',1),(33,85,'Officiis et exercitationem amet. Dolore perferendis qui rerum doloribus non enim quae. Voluptatibus asperiores odit itaque voluptatum iure. Error voluptas nam magni aliquid magni.',42,'1985-01-23 03:37:46',3),(34,26,'Sit dolor qui cum tempora tempore. Omnis cupiditate quidem et eos eius. Iure voluptatem ut odio corrupti.',26,'1984-03-21 03:49:52',4),(35,30,'Maiores ut natus ullam ut voluptatum. At ut doloribus dolores maiores enim.',14,'1992-02-29 09:29:24',4),(36,56,'Molestiae est blanditiis enim eaque sed ipsam quidem. Nihil molestias exercitationem voluptas odio earum minus qui. Numquam molestiae facere dolores rem.',29,'2009-11-12 17:09:18',4),(37,93,'Qui nostrum quidem dolorem aut. Atque est deserunt eius aliquam optio et eaque. Ut in incidunt et exercitationem. Voluptates nobis minima eos voluptatem autem aut veniam.',33,'2000-05-14 22:39:06',5),(38,56,'Reprehenderit et sunt expedita aut. Et ut deleniti neque consequuntur temporibus. Eum est voluptatum qui accusantium nam non consequuntur.',21,'2016-11-03 20:50:16',5),(39,73,'Autem error maiores saepe accusamus. Exercitationem est et et assumenda et quos occaecati ratione. Sit ea numquam et et minus a.',19,'1972-01-30 02:40:05',2),(40,9,'Nobis aliquam et neque pariatur sint vel qui. Aliquid fugit commodi ullam deleniti officiis. Praesentium sed tenetur rem fugit iusto et.',19,'1977-05-29 00:16:29',4),(41,29,'Debitis nesciunt necessitatibus hic. Itaque nesciunt tempora quam autem magni eos atque. Rerum molestias at aut suscipit doloribus.',25,'1973-09-10 02:10:57',3),(42,23,'Magnam natus et in corporis nihil dolores voluptas minus. Officiis cum autem est itaque rerum at molestiae. Voluptate numquam et tempore et est. Maiores sapiente ut iure eos rerum.',29,'1975-10-05 19:42:51',2),(43,8,'Mollitia neque corporis eligendi voluptatibus placeat explicabo non. Hic et voluptas est voluptatem assumenda consequatur libero. Et quos est autem eligendi ea ut.',13,'1978-10-11 14:34:48',3),(44,42,'Ipsum ipsa neque ut repellendus. Ad libero pariatur quod illo aut.',5,'1984-03-17 04:01:31',5),(45,52,'Sit enim qui qui tempora ut. Qui in asperiores vero aperiam. Nulla ipsum officia veritatis ex. Est architecto et magni quia ipsam rem eligendi.',40,'2001-10-15 10:20:16',1),(46,99,'Iusto maiores iste commodi consequatur veniam enim eos vero. Quibusdam error voluptas officia reprehenderit commodi. Quo praesentium dignissimos exercitationem quis.',20,'1976-05-03 17:14:40',4),(47,56,'Molestiae laboriosam in animi eum tempora recusandae rerum. Optio alias minima nisi quas molestiae ut ut. Earum est asperiores facilis. Quo dicta consequuntur dolore vitae dolorem.',31,'2020-08-28 10:34:21',3),(48,93,'Ut velit quos unde eaque incidunt quibusdam. Quia et numquam voluptatem illo consequatur qui. Dolore et nemo aut velit tenetur id dignissimos.',20,'1995-10-09 16:52:47',5),(49,44,'Velit quos enim voluptas labore minima in dolorem. Inventore voluptatum nostrum et adipisci. Id sint distinctio dolor repudiandae. Amet consequatur voluptate alias consectetur aperiam.',10,'1983-03-23 04:27:55',3),(50,90,'Doloribus delectus blanditiis rerum id est assumenda. Sunt consequatur adipisci reiciendis sunt autem harum eos sed. Inventore hic eligendi dolor.',37,'1977-11-10 01:01:12',4),(51,45,'Totam sapiente est sunt et dolorem. Dolorum et consectetur tenetur pariatur eligendi ut dolor. Libero quo et quo autem esse.',23,'1995-08-23 03:08:19',4),(52,30,'Nulla quas et deleniti atque aliquam sit. Dignissimos non consectetur ut eius magnam ad hic repudiandae. Voluptatibus optio esse qui voluptas et.',19,'1994-11-08 05:54:39',5),(53,11,'Qui qui officiis quae porro neque nam. Minima dolores blanditiis corporis officia dolor. Dolorem eveniet molestiae temporibus et quas quos reprehenderit.',43,'1974-03-22 23:51:45',5),(54,79,'Facere dolorum ut voluptate et voluptates enim deleniti. Quis quis vero excepturi quidem. Saepe laborum est quis eos nam officia accusantium. Excepturi delectus soluta similique eaque nisi.',42,'2018-02-14 04:35:53',2),(55,22,'Error ab iure fugiat eligendi. Quisquam quaerat laudantium quod explicabo dolorem optio. Quo adipisci dolores maxime enim. Neque possimus voluptatum voluptas.',44,'1986-11-08 20:04:56',1),(56,20,'Quaerat laudantium magnam omnis cum distinctio. Eveniet et quisquam doloribus dolore architecto. Ut sunt quis nihil molestiae porro sed deleniti. Et sit ex omnis odit repudiandae commodi.',26,'1988-11-13 20:24:37',1),(57,36,'Eaque consequatur qui eos et occaecati vero. Voluptate quia et quia possimus. Et consequatur neque maxime magnam maxime. Nisi veniam omnis enim voluptate tenetur ut.',22,'2017-01-11 18:18:32',2),(58,9,'Dolores eius delectus hic veniam modi incidunt. Nesciunt fugit repellendus nihil odit. Consequuntur ut omnis quisquam iste vero asperiores.',22,'2001-07-29 09:43:45',4),(59,68,'Enim qui dolores necessitatibus voluptatum et praesentium. Quia quam libero ut odio. Sit nesciunt impedit ab. Eum eum tenetur ipsum.',25,'1993-01-29 06:40:27',1),(60,53,'Dolorem et dolor voluptate nulla facere pariatur soluta. Dolorum sapiente doloribus fuga consequatur harum pariatur. Ipsum aperiam cum rerum excepturi quis enim at. Voluptas itaque aut qui voluptate.',10,'2012-10-29 09:52:10',2),(61,30,'Sit assumenda iste aut perspiciatis voluptas qui. Nihil qui cum ut dolor nisi deserunt ut. Ut quibusdam quisquam voluptatem corrupti repellendus qui.',26,'2006-02-04 00:35:05',3),(62,59,'Autem iste placeat illo quos ab. Esse aut aut atque ut odit.',43,'1995-06-27 09:52:57',1),(63,13,'Ut voluptate quidem reiciendis. Nihil id facere doloremque quia ut. Doloribus aliquam architecto repellat dolores eum adipisci ex.',26,'1992-11-10 06:58:19',2),(64,25,'Quo qui est provident repellat cum voluptates. Facilis incidunt occaecati perferendis nulla ea maiores.',28,'1979-11-30 13:39:40',2),(65,71,'Nemo illo quasi voluptatum voluptatem enim earum. Delectus enim eum eveniet iste quasi. Et consequatur consectetur quia autem. Iste omnis dolorem modi voluptas ut autem quibusdam.',8,'1978-03-23 18:17:58',5),(66,29,'Soluta eligendi sapiente rem in. Sequi dolore distinctio praesentium quae ut facilis. Enim neque libero expedita quasi sint consequatur quibusdam. Nesciunt eaque ut ad molestiae.',8,'2004-06-27 12:00:11',3),(67,60,'Similique unde enim tempora iusto autem ut quisquam aut. Dolorum vitae quia cupiditate dolore.',30,'1997-09-11 02:38:25',1),(68,53,'Itaque est nulla et esse esse. Explicabo quam vel esse enim. Cum et ut reiciendis et excepturi. Dolore voluptatibus accusantium optio qui quas quo.',36,'2003-08-16 05:52:55',5),(69,44,'Molestiae quam consequatur modi. Accusamus et nesciunt provident et nihil dolor. Vel pariatur architecto libero.',16,'1984-09-18 05:54:48',3),(70,54,'Et quo voluptates veritatis repellat debitis. Dolores consequatur id dolore debitis. Nihil et dolorem soluta modi quae esse vel. Sed et aut modi sit.',33,'1994-02-26 09:22:07',2),(71,18,'Fugit provident ullam quisquam accusantium cum est. Doloremque maxime distinctio commodi voluptatem consequatur vitae nulla assumenda. Omnis saepe deserunt nemo unde.',37,'1973-07-30 00:20:55',1),(72,16,'Inventore amet voluptate ipsam dolorum doloribus est incidunt. Tempore soluta voluptatem velit. Eum deleniti officiis placeat tenetur sunt.',27,'1986-07-03 07:11:55',2),(73,16,'Dolorem eaque exercitationem qui. Aut sit ut quo omnis. Iusto vel et ratione consequatur provident mollitia. Sequi sunt pariatur rerum sint maxime.',12,'1999-03-02 14:59:43',5),(74,97,'Libero minus fugiat repellendus nostrum laboriosam ut. Eos cum unde asperiores quas molestias pariatur. Omnis cupiditate ipsum ut rerum.',42,'1997-05-03 15:47:49',1),(75,73,'Explicabo maiores aperiam atque velit repellendus. In deleniti voluptate temporibus saepe quis iure dicta. Sapiente earum aut omnis.',25,'1980-09-07 11:12:40',3),(76,3,'Quae fugit qui consequatur eligendi veritatis. Amet ut error in voluptatem. Ex porro qui distinctio quaerat quam consequatur.',2,'1992-09-13 07:22:11',3),(77,2,'Consequatur quo impedit cumque qui excepturi vel. Ut repellat totam similique vero. Dignissimos iure consequatur id dolore quam.',31,'1985-09-23 01:19:24',4),(78,87,'Aut libero similique dolor molestiae quis et. Ipsum consequatur maxime minima. Et perspiciatis aspernatur neque ut corrupti quia ullam beatae. Quisquam perspiciatis libero eaque voluptatum amet in.',7,'1991-02-04 02:38:40',3),(79,13,'Qui voluptas harum est voluptatem consequatur qui et. Quam atque modi quam ipsum. Voluptas quia illum deleniti officiis veniam sit. Qui consequatur et suscipit ut magnam.',6,'1975-12-05 00:38:30',2),(80,70,'Dolorem consectetur repellat odit et. Amet sit eos eum quasi quo pariatur. Ut aut non ea qui. Nesciunt fugiat distinctio omnis consequatur eligendi eum.',42,'1979-11-09 16:02:10',4),(81,25,'Quibusdam earum est commodi rem sint. Labore enim consequatur eos minus ipsam non cupiditate. Aspernatur qui aut non tempora repellendus qui magni non.',49,'1979-08-11 16:30:21',1),(82,98,'Id vitae sint eveniet minus in. Maiores et totam sit voluptas est.\nNesciunt quia nihil non a eum. Magnam incidunt et quae hic magnam et vero. Odit et dolorem recusandae a.',43,'1987-05-30 23:06:29',2),(83,56,'Rerum dicta et perspiciatis et incidunt hic. Dignissimos quo labore blanditiis doloribus. Similique ut incidunt totam laborum aliquam numquam quia.',25,'2016-09-01 16:06:48',2),(84,56,'Et molestiae ut aut error non. Cum ut praesentium aspernatur voluptatum. Magnam sit autem occaecati sequi et.',50,'2012-01-16 16:59:48',5),(85,81,'Aut et dolor eaque quod explicabo qui. Esse libero id est quia saepe perspiciatis aspernatur vel. Iste aut occaecati sapiente velit.',5,'1978-07-06 20:43:20',1),(86,65,'Consequatur est inventore enim qui illo asperiores. Assumenda quae voluptatem in voluptate cupiditate quo facere. Voluptates et tempora incidunt incidunt commodi vel sit.',49,'1988-02-12 13:49:44',1),(87,81,'Exercitationem rem amet omnis et rem. Vitae qui animi corporis pariatur dignissimos. Veniam ut qui quia ullam expedita.',40,'1997-02-19 21:10:07',4),(88,52,'Porro qui et nobis dolor quae. Beatae atque esse placeat. Dolorum illum provident et iste laboriosam.',49,'1999-03-01 23:38:06',2),(89,3,'Aut rem error in hic eum error. Nulla quia suscipit hic maxime. Rerum dolorem impedit ea ipsam enim voluptatem.',25,'1973-10-31 07:46:34',4),(90,80,'Praesentium perferendis libero et laborum hic. Cupiditate ea quo molestias maiores placeat. Aliquid sit exercitationem tempore qui dolores esse reiciendis. Cumque eos in autem dolore non.',38,'2010-05-18 11:34:06',4),(91,98,'Laudantium enim et quasi non vero autem et. Consequatur quia impedit rem rem neque. Nostrum distinctio et qui itaque molestiae omnis.',42,'1986-01-19 19:40:41',3),(92,78,'Sit in hic cumque nostrum. Dignissimos molestias porro omnis culpa non tenetur error. Aut ea blanditiis minus neque atque error voluptatum iusto.',50,'2018-01-05 06:11:48',4),(93,44,'Qui veniam autem qui labore. Quia laborum temporibus iure ad voluptatem voluptate in corporis. Qui eos ut qui libero enim consequatur quia quaerat.',33,'1999-09-18 08:21:58',1),(94,13,'Sit itaque ut optio. Repellendus itaque unde voluptate.',29,'1996-07-17 11:44:55',2),(95,76,'Fugit in eum qui repellat assumenda. Quis reprehenderit omnis sint sapiente voluptatem. Architecto qui facere consectetur repellat.',41,'1984-11-18 04:21:59',4),(96,39,'Eum in vitae voluptas est voluptatum omnis. Sint dolores quod fugit non. Quia ut fugiat aut tenetur sit.',1,'2008-10-03 08:48:07',2),(97,80,'Eaque laborum neque et laboriosam neque. Quo nihil quaerat eum quos nostrum expedita ratione. Nam molestiae quia saepe vitae asperiores. Asperiores nesciunt numquam quia ut.',19,'1997-09-25 17:06:18',5),(98,86,'Natus praesentium sapiente earum nesciunt. Quidem non sed autem et. Autem sed molestias suscipit corporis qui cum nemo. Libero ex id officia enim necessitatibus.',18,'1988-11-02 10:22:20',3),(99,87,'Nesciunt et sequi incidunt vel ut deleniti quia voluptas. Sed nobis aut dolorem. Nihil sunt enim non. Numquam non nisi id ea aut eum atque. Incidunt et nam soluta tempore ipsum.',21,'1977-04-27 10:00:28',4),(100,35,'Distinctio quasi voluptatem eaque et aut illo quibusdam. Error illo doloribus ratione aut.',34,'1977-05-28 22:58:00',1),(101,49,'Sed velit eum ut sunt recusandae inventore. Et voluptates ut nesciunt maiores delectus est quia nostrum. Dolor consequatur deserunt itaque occaecati est.',50,'1997-08-31 04:55:32',2),(102,65,'Rem qui voluptatibus quis porro quia inventore perferendis. Rem ut exercitationem et repellendus quam numquam omnis. Ut voluptates qui reprehenderit.',15,'2018-04-01 14:10:56',2),(103,78,'Rem labore aliquam accusantium autem. Perferendis ut impedit rem neque rerum dolor repellendus error. Natus aliquid dolores sit tempora.',9,'2007-03-14 17:22:11',3),(104,26,'Blanditiis porro commodi quia. Et non consequatur veritatis et repellat ab aperiam. Ut assumenda qui dolorem vero omnis voluptatem molestiae. Doloremque sapiente praesentium cum ratione.',41,'1993-08-14 19:28:07',1),(105,65,'Omnis nam laudantium vel porro. Fugit non magni sequi. Praesentium enim et quam molestiae est praesentium.',3,'1990-07-18 09:47:42',2),(106,57,'Ut praesentium consequatur fugiat omnis ex. Asperiores magni ea consequatur ipsam magni est molestiae. Aut perferendis necessitatibus incidunt ducimus.',31,'1992-02-27 04:58:46',3),(107,89,'Voluptas vero dolorem est sint distinctio. Inventore fugit ut vel minus illo. Similique praesentium rerum quo.',17,'2005-07-23 06:20:55',1),(108,61,'Quasi provident ipsa incidunt deleniti libero. Cumque qui aliquid tempora quia qui. Aut et quae id odio.',17,'1999-07-22 12:30:49',5),(109,99,'Odit reiciendis at fuga aut. Repellat velit corrupti nam et ipsum. Pariatur nostrum ullam sit non quaerat quis. Quasi dolorum quaerat nihil ipsa a distinctio ducimus.',37,'2001-02-17 11:32:12',2),(110,89,'Omnis ipsum sed sed libero illo. Est error voluptatibus illo. Aut praesentium sit facere et.',37,'2010-08-16 10:49:33',3),(111,56,'Quis reiciendis dicta vel. Facere laborum praesentium est. Aut consectetur sit eaque rerum.',14,'2001-04-10 04:33:13',2),(112,74,'Porro omnis at voluptate consequatur eaque quis qui. Necessitatibus quas culpa sint eligendi consequuntur perferendis. Earum ut magnam officia magni.',18,'1974-04-18 19:33:05',5),(113,64,'Explicabo dolor porro nihil cum. Necessitatibus aspernatur explicabo assumenda vel beatae aspernatur quo. Enim illum dignissimos nulla at fugiat sed cupiditate.',30,'2001-10-05 22:05:09',5),(114,70,'Culpa vel recusandae praesentium dignissimos mollitia sit sit. Eligendi quis occaecati quibusdam nisi ut impedit. Dolore nulla nihil voluptates accusantium cum. Expedita rerum autem alias hic.',25,'1972-03-30 10:04:17',1),(115,100,'Nesciunt quas quaerat rerum quos. Voluptatibus eum velit vero quia repellendus fugiat quasi. Sit tempore ut sit eaque inventore. Eligendi labore quo aliquid cum.',2,'1980-07-26 19:28:29',5),(116,17,'Commodi ullam tempore consequatur harum nihil fugit. Ut non dignissimos voluptatem cum omnis quod. Velit sapiente ea in labore aut quas a. Rerum incidunt et asperiores dolorem beatae non.',24,'1987-03-16 04:00:55',5),(117,2,'Aspernatur possimus maxime ut dolor quibusdam eaque temporibus. Qui animi alias vitae consequatur sed. Enim consectetur sapiente non doloribus beatae aut.',41,'1985-06-13 22:07:56',2),(118,77,'Voluptate a nam pariatur quia officiis aut dolorum. Blanditiis nostrum facilis accusamus temporibus. Cum perspiciatis eos sequi sunt delectus illo.',40,'1977-04-06 07:48:09',3),(119,98,'Non corporis quia iure non natus culpa fuga. Voluptas accusamus dolores in quod tenetur quia et laborum. Ut enim voluptatibus delectus reiciendis tenetur.',2,'1975-05-12 22:53:45',2),(120,61,'Nulla iste velit ipsa iste quis. Dolor sequi qui unde modi omnis ea ut. Tempore eos accusamus quia magnam vitae. Veritatis minima dignissimos possimus voluptatem dolores.',31,'2001-07-06 04:05:36',5),(121,9,'Aut neque doloremque deleniti architecto voluptatum consequatur. Occaecati aut molestias pariatur quae quo deserunt laboriosam.',9,'1992-07-10 06:09:23',2),(122,24,'Sed qui voluptatem est ratione. Ad soluta beatae in nesciunt.\nEarum est nihil et. Quibusdam inventore explicabo quae voluptas est et reprehenderit. Quod doloremque ad qui dolores similique maiores.',49,'1970-05-15 23:48:47',4),(123,51,'Ex voluptatem velit ea et sint quia velit. Voluptatem consequatur eum labore sit. Delectus et nihil ut laborum enim vel. Accusantium ea sit ipsum earum sint earum.',43,'2012-09-26 23:56:24',3),(124,30,'Dolor pariatur aut aperiam ad ut. Aut dolores voluptatem aut.\nInventore non vero sunt illo. Est molestias provident recusandae repellendus.',25,'1978-01-06 17:01:24',5),(125,58,'Nihil unde in earum in omnis. Omnis illum sit sit quo quia consequuntur.',9,'1997-12-07 02:13:50',5),(126,23,'Eum distinctio labore aut molestiae. Sapiente velit aliquam reiciendis consequatur. Earum voluptas facilis corporis odio.',7,'1988-04-19 16:36:42',4),(127,45,'Aut eum omnis aut accusantium non. Error eos aliquid non ea exercitationem velit dolor et. Expedita facilis possimus aperiam repellendus qui consequatur qui.',49,'1973-02-06 09:40:44',3),(128,48,'Dignissimos et blanditiis eaque incidunt ea eaque. Laudantium aut assumenda aut voluptate sed. Reprehenderit molestias sed adipisci sapiente pariatur consequuntur optio.',5,'1974-07-08 16:12:07',2),(129,56,'Accusantium est voluptates debitis. Earum est non cupiditate vel dolorum similique. Nam ab ut in molestiae est assumenda sit molestias.',9,'1976-07-19 19:09:37',2),(130,58,'Provident et sunt placeat. Deserunt qui tempora laborum aspernatur illum laudantium. Saepe quod a doloribus enim nisi. Non aliquid quidem doloremque qui quibusdam aliquid.',28,'1979-10-30 14:53:46',1),(131,21,'Nulla voluptas sequi dolores molestias harum. Asperiores sit nobis repellat quidem eum eos recusandae. Non distinctio consequatur blanditiis vero dolores ipsam nobis eveniet.',38,'1995-12-23 02:28:57',2),(132,3,'Et distinctio est suscipit qui sapiente quas. Magni ut voluptatem pariatur blanditiis. Voluptatum voluptas dolores cumque expedita.',12,'1976-03-09 21:29:24',1),(133,56,'Qui et veritatis ex beatae sint eveniet. In odio est sint sed ipsa corporis omnis. Aliquid occaecati ipsam ducimus ut. Eligendi dolores quia debitis nisi ea.',40,'1975-08-20 00:28:50',5),(134,3,'Distinctio et ea ut enim et repellat et. Aut quia mollitia rerum. Rerum et sequi reprehenderit quis culpa. Labore et vero possimus sed doloremque a possimus.',27,'1978-08-22 23:59:18',1),(135,82,'Sint nihil impedit quos qui. Repudiandae aliquam quaerat dignissimos. Id fuga exercitationem saepe consequatur reiciendis. Ducimus incidunt sit quibusdam quas a.',32,'1985-03-11 20:52:53',4),(136,16,'Nam earum et similique aut maiores aliquid ipsa. Est non reiciendis consequatur praesentium adipisci repellendus.',46,'2015-12-28 02:53:54',1),(137,80,'Ullam mollitia repellat voluptatibus. Ut neque rerum quis sit sed. Voluptatem voluptates adipisci non eius aut optio quia aut. Commodi a non dolorem praesentium in debitis culpa.',20,'2009-12-06 08:34:51',3),(138,88,'Magni sit ut vitae commodi at. Voluptatem nostrum est magnam itaque suscipit et expedita. Error provident quas consectetur.',15,'1996-10-20 05:15:23',1),(139,24,'Quam omnis suscipit provident cupiditate ratione. Eveniet fugiat omnis ab. Nihil quo unde quibusdam vitae. Tenetur repellat commodi sequi nesciunt.',9,'1979-03-20 20:13:49',2),(140,79,'Quo quo dignissimos ducimus delectus et. Recusandae est quo dolor cupiditate voluptatem. Exercitationem explicabo voluptatem qui voluptates laboriosam error qui.',41,'1980-09-10 11:23:01',2),(141,35,'Qui assumenda quos natus natus autem saepe ea. Quidem quo laborum ea tenetur sunt ipsum. Repudiandae nesciunt deleniti nam facere tenetur ea. Error nam deserunt dolore doloremque.',1,'2006-04-24 00:20:18',3),(142,94,'Vitae necessitatibus occaecati qui dolorem rerum in. Est sint laudantium saepe vel enim voluptatem repudiandae. Voluptate totam magni non iure enim. Tempora accusantium officiis beatae fugiat.',40,'1987-02-26 15:26:28',2),(143,97,'Animi ab vitae id natus repudiandae voluptatem repellendus. Et qui architecto mollitia vero et tenetur. Dignissimos amet sequi non et eaque. Nulla asperiores eos a nihil veritatis rerum eos.',21,'1999-03-10 03:48:15',3),(144,88,'Saepe necessitatibus iure fuga perferendis quia natus minus unde. Nostrum id rerum voluptates optio dicta culpa. Mollitia inventore atque et blanditiis omnis accusantium dolore.',27,'2017-08-08 12:04:10',1),(145,59,'A dolor occaecati autem et reiciendis autem. Non magni neque omnis assumenda. Sint consequatur nostrum ut iure sed beatae culpa sapiente. Facere dolorem repellendus possimus quae quae iusto.',23,'1980-10-15 04:55:45',3),(146,7,'Ut iste maiores ratione ipsam laborum dolorem. Soluta et et suscipit impedit dolorem magni dolorem. Ipsam quas qui et ut consequatur dolor. Deserunt voluptas aut neque.',40,'2006-01-30 01:35:57',4),(147,20,'Consectetur saepe officiis facilis quia repudiandae nostrum. Consequatur qui neque tempore officiis necessitatibus ipsum laborum. Et reprehenderit accusantium similique et possimus.',5,'2006-07-21 18:59:46',4),(148,3,'Ullam eos qui in molestias dolores mollitia esse. Quia libero in non nobis perspiciatis nihil omnis. Vel repudiandae voluptas tempore. Aliquam omnis nisi nam temporibus.',38,'1982-09-20 08:54:57',3),(149,88,'Quibusdam at deserunt non. Magni consequuntur velit excepturi accusantium quia. Impedit corporis ut numquam et soluta voluptatem quibusdam.',3,'1988-03-05 08:21:24',4),(150,29,'Officiis ex atque tenetur hic tempore. Corrupti aliquid aliquid nihil qui dolores voluptatem. Rerum quidem libero corporis porro.',35,'1994-05-26 11:44:49',1),(151,68,'Veniam eveniet nemo qui ipsam. Numquam ea nulla beatae quod ut voluptas. Placeat harum qui et quam eligendi quia neque. Nemo eos est earum totam iste deleniti est.',23,'2002-05-07 16:27:20',5),(152,61,'Amet tempora non quas culpa iste. Repellendus ut assumenda enim enim qui quidem. Assumenda perspiciatis vero aperiam voluptatem magni consectetur totam. Totam dolor dolore quia.',24,'2005-02-05 11:22:52',5),(153,84,'Odio quam sit dolore eum. Adipisci incidunt consectetur vero ut. Mollitia et officia tempora exercitationem temporibus ea sit.',24,'2011-05-20 01:01:10',2),(154,78,'Qui eum voluptates corporis molestias dignissimos. Ducimus rem et eveniet. Placeat id necessitatibus autem enim architecto necessitatibus aut. Quia ut error nesciunt eligendi aut.',4,'2000-07-20 01:59:08',4),(155,65,'Nihil eaque officiis quas. Quae accusantium veritatis voluptates pariatur.',28,'1977-11-14 03:04:58',2),(156,88,'Cumque magni dolor placeat facere qui in tempore cupiditate. Alias tempora architecto corrupti eum. Modi illum id nam velit delectus. Deleniti enim dolore tempora repellat facilis.',50,'2009-05-10 21:44:38',5),(157,57,'Iste nostrum autem ad. Necessitatibus et tempore nemo numquam. Et facilis qui qui expedita quia. Commodi et ut dolores pariatur est nam.',41,'2014-11-22 13:13:29',5),(158,79,'Ad saepe quia vero omnis tempora esse. Non aut fugiat deleniti alias praesentium unde doloribus. Voluptatem sint sunt non sequi repudiandae.',27,'2020-09-22 09:33:30',2),(159,22,'Iusto eaque illo reprehenderit soluta. Labore ea voluptas ipsum. Et eaque consequuntur laboriosam fugiat consectetur ut nobis.',33,'2007-06-08 21:04:24',2),(160,6,'Omnis in sit quibusdam ut laudantium fugiat occaecati. Et sequi illum quae ut consectetur omnis eveniet molestiae. In perferendis recusandae necessitatibus ut molestiae voluptas quibusdam.',41,'1973-02-20 06:59:29',2),(161,11,'Voluptatibus at amet dolores quam qui adipisci sit. Dolores nostrum possimus impedit amet. Asperiores beatae nam et aut in adipisci. Libero error omnis ratione suscipit optio ratione sunt.',7,'2021-03-23 20:57:09',1),(162,60,'Dolore et repellendus dolore sit. Voluptatem ut quas cupiditate facere quaerat et illo. Quod consequatur quisquam ut doloremque quia autem consequuntur. Repellat ea ratione vel nesciunt eos.',15,'1998-04-24 13:28:40',2),(163,21,'Sapiente aperiam assumenda omnis quidem. Velit dolorem reprehenderit nesciunt. Similique iusto a sit a enim. Nisi incidunt totam omnis non reprehenderit magni itaque.',31,'2009-05-28 22:46:00',1),(164,6,'Magni aspernatur enim doloribus earum. Doloremque perferendis quibusdam ad repudiandae. Sunt magni harum sint tempora fugiat. Placeat et quis soluta voluptatum assumenda eos.',5,'2003-10-05 19:40:10',5),(165,67,'Aut qui dolores explicabo facere explicabo velit nihil. Hic minima alias impedit et. Quia quis voluptates non et blanditiis unde. Repellendus id dolorem officia et et corrupti autem.',18,'1975-02-02 19:16:32',4),(166,78,'Delectus consequatur iusto sequi. Ad enim dolorem explicabo et quos ut vero atque. Iste deleniti omnis a sit fugiat eum.',18,'1986-08-10 07:34:55',3),(167,79,'Omnis expedita consequatur et. Quam nihil et quaerat incidunt aut. Quidem provident quod eius deserunt velit.',20,'2020-04-04 13:23:32',5),(168,82,'Voluptatem tempore excepturi ut quidem ex omnis itaque. Veniam est alias eveniet dolorem. Perferendis error similique saepe hic incidunt.',31,'1989-07-23 13:46:52',1),(169,86,'Quos eos et fuga sequi non in. Omnis quibusdam iusto molestiae dolor qui dolore. Laboriosam doloremque nostrum temporibus nisi placeat. Numquam quas ea voluptatum. Eos eius numquam aut excepturi et.',30,'1994-03-14 23:01:53',2),(170,68,'Facilis dolorem rerum sit eum consequatur. Recusandae magnam voluptatem eum expedita rem aut. Aliquam amet et excepturi repudiandae. Rerum rerum expedita animi nulla voluptatum labore rerum dolor.',26,'1974-03-24 03:21:09',2),(171,15,'Voluptas ullam qui voluptatem possimus sint facere. Sint et quae et cupiditate distinctio temporibus rerum dicta. Voluptatem accusantium numquam in voluptatem quia.',28,'2017-06-01 06:32:54',1),(172,50,'Quae sit odio labore autem. Magni debitis et vitae doloremque consequatur aliquam. Iure quae sed et nesciunt aut exercitationem illo tempora.',36,'1972-02-15 07:23:17',5),(173,36,'Sed id consequatur consectetur dolorem. Molestiae voluptate et repellat doloribus consequatur id quia. Temporibus nobis ut alias enim sequi necessitatibus sapiente dignissimos.',14,'1996-08-24 12:14:08',2),(174,25,'Rerum rem repellat atque. Mollitia doloribus inventore excepturi dolores. Voluptas a repudiandae laudantium nam. Id reiciendis sed similique consequatur.',29,'1986-12-26 03:23:08',4),(175,93,'Rerum nulla libero quae cum. Magnam soluta itaque nihil adipisci laudantium culpa. Quo sequi ducimus error voluptatum sint doloribus id.',15,'1998-11-27 08:39:39',1),(176,39,'Et aut laudantium voluptatum eos voluptas dolorem nisi aspernatur. Illum officia et consequatur esse qui mollitia quod. Dolorem vero quia non ducimus corrupti nihil.',2,'1974-12-26 08:33:08',4),(177,43,'Enim ut quae possimus esse aliquam. Magni maiores commodi asperiores sit reiciendis qui. Saepe sed non qui et nostrum.',49,'1989-06-10 19:38:27',2),(178,33,'Ducimus officia consequatur voluptas accusamus esse dolore itaque. Ab minima qui libero qui excepturi a provident quibusdam.',32,'1983-01-18 15:35:01',5),(179,60,'Perspiciatis et voluptas quos doloremque. Dolores vero numquam deleniti tempora. Quas consectetur maxime cum beatae.',20,'1981-12-07 02:36:42',4),(180,72,'Animi et facere qui voluptas sed sint nesciunt. Quibusdam praesentium voluptas itaque dolor aliquid.',13,'2000-04-17 04:54:08',2),(181,73,'Voluptatem alias earum voluptatem autem rerum nihil. Impedit dolorum velit cumque quas enim ipsum. Sint iusto sit sit omnis id.',25,'1980-03-02 23:38:35',5),(182,60,'Quo non facilis aspernatur. Dolorum vero quo qui mollitia. Veritatis aut et ut quisquam. Et debitis ab non.',26,'1999-07-20 07:10:06',1),(183,88,'Ipsam reiciendis quod maxime iste qui autem. Cumque est est omnis nostrum eveniet cumque. Modi non voluptas facere ullam corporis dicta autem. Modi totam sed in ut animi ullam.',21,'1994-12-29 22:12:11',5),(184,13,'Voluptates tempore reiciendis deserunt eaque et. Aut et sint quaerat placeat qui voluptatem. Magnam nam modi et fuga est tempore ipsa.',37,'1976-04-14 18:06:34',2),(185,100,'Cumque eligendi nihil voluptatum. Sunt consequatur enim atque adipisci sapiente fugit aspernatur. Qui voluptatem mollitia delectus autem aspernatur. Veritatis excepturi modi omnis aut qui.',41,'2011-02-16 10:01:51',1),(186,24,'Quasi pariatur exercitationem laboriosam et. Ea ipsam eum reiciendis qui. Rerum et quis et.',7,'2010-10-15 21:34:49',5),(187,36,'Quae delectus qui quia autem dolorem sunt quis omnis. Itaque velit hic nemo sunt odit et non id. Doloribus ad voluptatem est dolore ut et quidem. Quasi velit quae sed aut iure dolor.',37,'1973-05-27 06:27:34',5),(188,85,'Quas reprehenderit tempore rerum. Tempora tempora eveniet laboriosam tempora ducimus. Ut beatae minus facere tempore quidem.',36,'1989-09-14 14:33:23',5),(189,1,'Voluptates non eveniet porro quod repellat. Molestiae sapiente esse sint dolore voluptatem dolor. Non deserunt alias animi soluta.',5,'2000-09-17 21:11:40',2),(190,30,'Dolorem repudiandae ea dolores fugiat totam. Nulla illo velit inventore ullam ea quia. Laudantium provident fuga sit et exercitationem non consequatur. Est quis quos quo.',47,'1997-12-15 16:30:57',3),(191,39,'Et tempore numquam ut quia. Non tempora non voluptatem debitis. Labore laboriosam eaque consequatur illo. Molestiae veritatis aut et neque quae ullam.',34,'1978-04-30 20:38:03',5),(192,97,'Optio illo magnam aliquam hic vero eum quaerat. At labore voluptatem deleniti voluptas veniam. Voluptatum dolor asperiores mollitia quia ipsam. Ipsum aperiam nesciunt placeat et.',41,'2016-02-21 01:25:21',1),(193,66,'Voluptatem dolore quis odit sit eaque mollitia. Corrupti et fugit soluta non. Similique magnam et corrupti quisquam ut mollitia possimus.',15,'1997-01-19 16:55:07',4),(194,44,'Aliquam reprehenderit eveniet quis deleniti architecto enim. Dolore facilis error dolorum distinctio et. Quod eaque dolorem eius facilis illo at consectetur.',13,'1977-03-14 16:58:52',2),(195,68,'Sit consequuntur quisquam qui iure consequuntur ut. Nemo laudantium voluptatem blanditiis praesentium aut non velit. Dolor sequi nostrum corporis suscipit quis consequatur.',8,'1987-10-06 09:35:22',3),(196,51,'Aliquam provident saepe id corporis eligendi qui. Aut qui ut quaerat sit. Culpa rerum et itaque enim.\nEst facere libero et ut ut quos. Sed illo alias voluptatem aliquam molestias ea.',21,'1979-12-07 13:43:14',2),(197,64,'Aut maxime et fugit aut. Eos dolorem repellendus nemo suscipit earum. Voluptates vel nesciunt eligendi ea nesciunt dignissimos.',6,'2010-04-08 00:20:22',5),(198,92,'Et optio maxime quam rerum eos. Eius voluptas laboriosam non impedit.\nNatus natus dolores sunt ex. Voluptatibus architecto molestiae repudiandae quidem. Eum dignissimos qui id labore minus.',26,'2008-06-01 01:01:14',4),(199,52,'Porro ea doloremque commodi est voluptatem. Sint ullam dolor itaque hic fugit quidem eveniet. Soluta et fugiat accusantium quisquam. Eaque quaerat cum veniam qui magni aut.',3,'2015-11-04 12:26:23',2),(200,24,'Et in quo consectetur cupiditate. Libero qui ut quis laboriosam ad maiores. Iure est sint repudiandae et et officia. Animi sunt omnis ut velit.',26,'1993-04-16 02:56:14',1),(201,86,'Debitis maiores enim ad suscipit eligendi. Ducimus voluptatum fuga aut eveniet. Delectus quaerat ut et sunt atque nobis accusamus. Recusandae exercitationem beatae consequatur cupiditate inventore.',24,'2007-06-10 10:46:13',5),(202,65,'At vitae provident excepturi consequatur quisquam voluptas fuga odit. Atque nesciunt delectus veniam voluptatem et. Nihil qui et molestias. Ipsum veritatis eligendi sint laudantium consequatur ad.',11,'2020-06-29 18:22:47',1),(203,20,'In quis voluptas vel perferendis. Modi et aliquam et. Tempora vitae quas nam in iste cupiditate repudiandae.',25,'1990-11-18 01:08:26',4),(204,94,'Accusantium repellendus laborum maiores voluptates sit. Nam ut qui ipsam qui unde et. Odio voluptatem sunt necessitatibus tenetur aut.',10,'2009-05-23 14:23:32',2),(205,58,'Provident eaque in minima itaque deleniti odit. Repellat voluptatem voluptas aut at dolores. Omnis ut repellat voluptatem molestias. Laborum ut voluptatum excepturi repellat.',12,'1974-01-27 07:33:23',4),(206,14,'Ut officia eligendi et quia. Unde harum quasi quos at fugit.\nQui quisquam voluptate laborum et laboriosam id. Labore quia quia autem ad velit enim facere.',48,'1971-10-29 17:52:45',3),(207,91,'Error expedita ipsa et dolores qui. Quibusdam deleniti molestiae sint deleniti sit. Ut quos cupiditate ducimus facere sit.',5,'2014-05-16 05:16:42',3),(208,76,'Optio ea voluptatem eos quis. Veniam dolor exercitationem libero soluta nisi consequatur. Officiis fugit tempora est in vel.',28,'2004-10-13 21:51:54',4),(209,39,'Omnis nisi sint rerum quibusdam expedita. Dolorem maxime tempora consectetur corrupti voluptatem eligendi.',10,'1979-03-24 12:49:11',3),(210,80,'Vitae quidem odit amet magni voluptate consequatur. Atque earum sint recusandae debitis velit veritatis. Odio aut a ipsum quia.',3,'1985-09-22 19:12:46',4),(211,33,'Est aperiam dolorem qui. Voluptatem ea vel possimus iure. Asperiores ut necessitatibus sint fuga. Ut minima aut qui minima consequuntur molestiae.',16,'1994-11-27 01:26:21',5),(212,46,'Eveniet nulla voluptatum autem aut inventore est. Incidunt nihil et quis occaecati minus rerum sint. Explicabo deserunt perferendis rerum quisquam tempora quas vitae. Quas repellat beatae qui ab at.',49,'1976-12-03 14:16:14',3),(213,41,'Nulla libero et voluptate et aut aliquid. Eligendi corporis voluptates quia quia est et. Amet corrupti a qui ut.',19,'2012-08-11 06:19:37',4),(214,47,'Voluptatem cum alias maiores dolor quisquam quibusdam minus consequatur. Sed reiciendis illo harum ab beatae magni.',46,'2018-03-28 15:06:02',1),(215,43,'A maxime culpa quos rerum quos officia. Cum numquam iusto quisquam aliquid architecto. Provident repudiandae et rerum voluptas.',35,'1997-12-27 07:04:17',4),(216,43,'Qui voluptatem nam tenetur mollitia. Molestiae repellendus officia quas dolorem ipsum quis ipsum. Sit tenetur iure minima harum aut. Omnis cupiditate unde et adipisci quisquam maiores.',14,'2002-06-22 22:50:37',4),(217,16,'Earum nesciunt consequuntur aliquam illum nobis alias laborum culpa. Sit accusantium culpa temporibus voluptas explicabo. Delectus qui aperiam atque eos. Itaque necessitatibus magni ea ipsam.',4,'2012-01-05 06:03:10',2),(218,49,'Et eius totam iusto porro. Odit sequi fuga vitae. Omnis consequatur esse et eum atque laudantium est. Aut quod adipisci sit consequatur hic iste voluptatem.',18,'2016-09-04 22:42:43',3),(219,56,'Rerum aliquam qui aut facere. Pariatur sed optio odit autem libero eos. Ut quisquam adipisci qui qui quasi. Minima voluptatem est iste soluta beatae reprehenderit.',21,'2007-03-12 04:48:53',5),(220,56,'Ipsam neque dolor magnam et ratione. Doloribus et molestiae saepe facilis earum expedita.',7,'1994-06-05 07:54:08',5),(221,65,'Velit dolorum autem et quidem autem totam eum. Illo reprehenderit cupiditate ad harum. Ut placeat nihil est expedita qui assumenda voluptatem. Beatae officiis ex impedit non aliquid et aut.',35,'1975-07-28 17:38:56',1),(222,9,'Nostrum recusandae in ut. Sed ut aut blanditiis et sed. Et similique voluptate exercitationem qui corrupti distinctio. Est placeat voluptate sunt nisi nisi. Esse minus est in maiores.',28,'1973-05-28 22:06:00',5),(223,78,'Voluptatibus ea sequi dignissimos quia voluptas consequatur voluptatem. Et nobis tempora maiores voluptatem. Non ipsum veniam unde ut deserunt.',43,'2006-10-25 01:28:07',3),(224,10,'Et voluptatem inventore delectus est. Odio excepturi tempore quos quis fugit iste sequi facere. Et quam et id.',8,'2013-09-25 12:54:13',5),(225,3,'Dolor tenetur quod assumenda repudiandae debitis ut voluptas. Aliquam placeat repudiandae repellat consequatur quia possimus. Placeat voluptas vel error.',45,'2018-08-12 08:22:39',5),(226,22,'Debitis dolor dicta sit aperiam voluptatem maiores. Est aut quis odit et iure. Quod iusto eos incidunt voluptatum quidem maiores et.',18,'1972-08-24 10:01:22',4),(227,20,'Voluptatum et aut corrupti commodi qui labore. Ut qui et tempora sunt. Corporis quibusdam sit enim dicta dolorem. Et laborum facere et sit.',34,'1988-03-09 08:26:11',2),(228,32,'Nam fuga sit omnis quibusdam est debitis consequatur. Labore dolorem ut quidem quod enim quos ut maiores. Perspiciatis at a quos rerum.',31,'1996-03-30 05:08:19',1),(229,5,'Vero labore ipsa qui quisquam aut omnis rerum. Laboriosam autem in ratione sed. Provident aut quae fuga et.',40,'1973-10-29 22:48:14',2),(230,52,'Architecto porro consectetur repellat saepe adipisci voluptatibus. Pariatur ut facilis recusandae excepturi provident distinctio qui. Impedit vitae quam fuga corporis neque tenetur aut.',24,'2014-05-22 17:32:49',2),(231,48,'Est fuga aperiam officiis ut. Nihil quae suscipit molestias fugiat. Magni nulla velit itaque recusandae minima et eum. Culpa dicta voluptatum tempora repudiandae aspernatur autem.',48,'1992-12-08 19:36:01',3),(232,75,'Expedita tempore sed perspiciatis rerum natus minus a. Possimus voluptates facere porro dolor ut cum.',32,'1981-07-01 16:54:51',3),(233,2,'Cupiditate qui quia dolore expedita voluptatibus exercitationem. Laboriosam numquam neque perspiciatis ipsa enim sunt. Nobis impedit dignissimos et natus vel.',12,'2002-01-28 01:49:56',2),(234,99,'Soluta sed distinctio quis tempore eligendi vel eos. Dolorum possimus sint voluptas iure tenetur. Corporis pariatur itaque ipsum ipsa.',29,'1974-01-31 19:33:13',4),(235,66,'Dicta amet qui ullam vero perferendis id. Sed ducimus in occaecati soluta consequatur. Dolores non est veniam.',27,'1972-03-23 20:14:30',2),(236,71,'Et aut maiores rerum consequatur commodi facere aperiam. Commodi velit similique laborum doloribus et nesciunt ut. Est quia nihil soluta qui iusto rerum libero.',15,'2008-01-15 12:04:36',5),(237,22,'Ea quam quasi voluptas corrupti repellendus ut magnam. Praesentium animi fugit velit dolores omnis et velit. Sit dolorem quod velit aut aut.',40,'2009-03-23 15:04:07',2),(238,85,'Dolor praesentium natus aut voluptas. Error vero et deleniti non molestiae qui rerum. Ut blanditiis cupiditate autem et quos et.',50,'2013-07-24 11:49:04',3),(239,63,'Sed et similique ea dignissimos quidem facilis. Consequuntur sit recusandae qui sapiente aut consequatur. Sequi veritatis laudantium molestias aut et aut occaecati.',47,'2015-09-29 19:16:18',1),(240,15,'Dolorem voluptatem aut aut perferendis hic et. Quod qui error facilis est aut ut dolorem culpa. Nisi fugiat modi vero.',33,'2010-12-30 16:24:32',3),(241,84,'Quidem blanditiis impedit dolorem eligendi. Dolor vitae eos unde reiciendis repellendus rerum veniam. Consequatur doloremque itaque est esse dignissimos veritatis iste sint.',18,'2010-02-14 18:09:27',3),(242,2,'Eius voluptas provident dolorem aliquid. Delectus ut quidem eius perspiciatis unde eos perspiciatis amet. Sit iure eligendi sit magnam nam reiciendis. Eum non facilis aut aut magnam et.',2,'1971-01-03 06:07:50',2),(243,4,'Quos eum fuga mollitia itaque. Accusantium incidunt odit sunt. Id veritatis consequuntur earum repudiandae est at repellat.',17,'1989-06-25 01:15:45',4),(244,63,'Alias hic facilis cupiditate explicabo eum. Labore voluptatem alias quis illo. Enim quo at et minima repellat. Porro debitis dolor sint reiciendis.',5,'2014-09-24 17:35:04',2),(245,12,'Reprehenderit eos odit qui et velit illo est. Pariatur nam est alias minima. Aliquid quos modi voluptas velit veritatis laborum. Et eaque ut ea id ipsa.',8,'2000-06-17 08:43:34',4),(246,56,'Minus esse dolores expedita sit. Voluptates ipsum nesciunt cupiditate sed laudantium culpa. Officia repudiandae et sit et molestias minus et.',30,'1983-10-21 00:01:44',1),(247,10,'Iure ut similique vero numquam eligendi. Cum consequatur commodi qui maiores accusantium dolore fuga tempore. Nemo doloribus velit suscipit voluptate et porro.',15,'2014-02-21 14:07:17',3),(248,22,'Deleniti laboriosam aut est ducimus voluptas consequuntur enim earum. Et expedita nulla eum neque. Ea numquam modi in maxime. Cumque et nihil aliquid sed. Doloribus inventore vitae et est.',6,'2014-12-22 16:48:14',2),(249,54,'Omnis reiciendis aut est doloremque. Asperiores praesentium cupiditate voluptas ex fugit aut. Voluptatem et aliquid exercitationem sit aliquid. Nesciunt quis sint aut. Recusandae in distinctio qui.',11,'2002-06-30 01:35:54',1),(250,69,'Consequatur voluptatem ab cumque vero quibusdam officiis. Iure vel qui harum ipsum ipsa. Suscipit ad quasi tempore voluptates quia eos repellendus.',10,'1970-05-08 05:28:06',5),(251,74,'Qui minima et provident quia. Sit velit qui velit earum dolores vero. Quis qui est qui sunt neque quo. Voluptatem et quisquam aliquid est sit aliquid non.',20,'2001-08-25 14:09:52',1),(252,48,'Maxime sint et odio excepturi. Deserunt ducimus inventore natus est aliquam aut dignissimos. Temporibus ab ut et. Vel culpa fugit laborum laudantium sed.',48,'2010-08-05 09:14:52',2),(253,18,'Ipsam possimus ab rerum aliquid aut. Ut in sed aut cum officiis. Iusto accusamus ullam suscipit voluptas non.',17,'1976-12-15 13:28:35',4),(254,94,'Dignissimos nemo facilis aut dolorem aliquam eaque. Blanditiis alias est nostrum nemo non voluptatum saepe. Cumque pariatur necessitatibus deserunt illo architecto iste unde.',41,'1982-02-06 00:32:58',1),(255,26,'Perferendis placeat sit doloribus repellat modi minus quasi. Voluptas ea recusandae reprehenderit tempore vitae ut est perspiciatis. Consequatur et enim pariatur non hic nulla praesentium.',5,'1988-07-05 19:55:20',1),(256,46,'Eveniet aut optio doloribus expedita sit est omnis eos. Consequuntur laudantium corporis dolor facilis ea reiciendis. Minus aut rerum et vero a. Eos hic optio laudantium laboriosam.',5,'1995-01-27 07:07:38',5),(257,45,'Dolores ut id aliquid dolores. Vitae id et a voluptatem sed. Non dolor alias unde provident aut non eveniet. Itaque eos corrupti quasi similique consequatur provident.',24,'1974-08-04 18:11:26',5),(258,12,'Similique qui eveniet consequatur fuga ad. Consequatur est sapiente at in placeat. Qui molestiae recusandae porro doloremque quasi nemo.',24,'2019-10-20 16:34:38',5),(259,80,'Sed hic necessitatibus maxime eius et. Est modi libero magni ipsum porro enim. Quis voluptates non eaque debitis. Reprehenderit voluptas blanditiis eos possimus.',38,'2003-08-19 01:13:58',4),(260,56,'Officiis eos alias dolores assumenda et. Illum fugit error dolores accusantium ducimus. Qui labore est eos ratione minima ut veniam. Non eaque cupiditate officiis et.',46,'1985-07-25 09:00:37',2),(261,90,'Consequatur perspiciatis sed numquam id itaque. Ut quidem saepe officiis exercitationem illum. Optio quis facere cupiditate in eum occaecati.',6,'2017-08-06 06:55:48',1),(262,50,'Quaerat ut vel est sed occaecati. Esse asperiores libero illo velit nulla.\nRerum enim enim numquam eos saepe autem eaque. Non et qui quo ut repellat. Officia deserunt occaecati maxime id ex.',50,'1991-10-12 06:22:50',3),(263,42,'Ut aut blanditiis iste est ipsum et aut quos. Nemo saepe dicta unde repellendus facere. Dolorem doloribus corrupti nobis repudiandae consequatur eligendi. Perspiciatis veniam velit eveniet ullam.',36,'2011-05-07 04:28:30',1),(264,10,'Vero dolore aspernatur aut. Aut vel provident dignissimos et voluptas. Odio ab officiis sit sed dolorem. Et officiis ut vel veniam cumque aut illum.',48,'1983-09-12 12:44:10',2),(265,92,'Ratione voluptatem deleniti sapiente qui dolorem sit. Repellat et qui omnis cumque. Ut animi ullam illo eos excepturi consequuntur placeat. Est est minus qui assumenda provident perferendis quia.',39,'2003-05-21 11:52:08',2),(266,13,'Quaerat est quis qui similique. Minima voluptatem impedit dolores quis ut vel ut. Quia repellat consectetur qui quidem.',33,'1999-06-26 15:41:31',3),(267,17,'Rem quae perferendis aut veniam. Aut nihil veritatis eos sit. Accusamus deserunt accusantium sit libero distinctio asperiores. Harum nihil consequatur minima autem nihil sequi.',31,'1983-07-10 14:13:58',2),(268,60,'Quidem nihil asperiores incidunt autem. Maiores voluptatem cumque nemo ad molestiae harum. Et quisquam debitis dolor ut inventore repudiandae placeat nostrum.',17,'1982-02-19 06:04:01',2),(269,93,'Iusto et officia et. Eligendi voluptatem qui quisquam alias. Reiciendis aut at sint quidem aut. Mollitia dolorem qui qui voluptatum fugiat.',27,'1986-03-25 18:14:16',5),(270,15,'Sit accusamus sequi perspiciatis velit. Enim ab quod et. Cumque praesentium cum dicta placeat dolor.',10,'2019-05-04 19:05:55',1),(271,62,'Hic ad placeat dolorem fugit est. Qui et et alias nihil. Dolores aut enim quia qui necessitatibus sunt quis. Quis qui aut non et.',30,'1980-01-14 01:07:45',5),(272,28,'Vero dolorem vitae sit est voluptatibus. Quae delectus repudiandae dolor deserunt. Quo vero itaque maxime officia quos sit. Assumenda non et enim vitae.',4,'2015-05-12 02:23:41',5),(273,7,'Omnis delectus illo facere enim similique et saepe. Illum et ab sapiente blanditiis doloribus laborum. Est iusto omnis perspiciatis sed eum. In sunt similique atque animi.',20,'1984-04-02 23:39:29',2),(274,54,'Quis et commodi impedit quo maiores delectus. Qui aut non enim aliquid qui. Atque nisi quibusdam repudiandae non enim suscipit.',44,'1971-07-17 20:22:30',3),(275,15,'Omnis repellat perspiciatis ea nam et consequatur neque. Sapiente dolore beatae voluptatem eveniet sit ad. Laborum quis in dolores nulla.',5,'2010-11-13 03:43:07',5),(276,78,'Voluptatem accusantium illo ut perferendis quasi odit ipsa. Voluptatem amet tenetur quae voluptate maiores voluptatibus.',2,'1999-10-21 00:18:49',4),(277,21,'Laborum nostrum deserunt non dolorem et qui enim. Recusandae vel voluptatibus illum reprehenderit. Eos deserunt eum non odit vel nisi dignissimos ut.',14,'1973-08-24 01:47:57',4),(278,2,'Enim sint totam sapiente architecto debitis. Sit molestias molestiae quis omnis. Unde voluptatibus sit voluptatibus. Illum accusantium consequatur et similique omnis at.',32,'1976-09-19 08:26:48',2),(279,99,'Voluptatem placeat neque quia ut. At corporis ut praesentium sit corporis.',6,'1972-10-19 14:35:47',3),(280,57,'Sint saepe libero ratione aut placeat ratione. Quidem sed hic et quis. Voluptate laborum voluptas enim consequatur.',46,'1986-09-30 05:43:50',4),(281,89,'Voluptas laudantium odio tempora error et aut. Repellat sint voluptate sed perspiciatis. Officia illum voluptatem earum sit voluptatum.',35,'2016-06-12 00:59:05',5),(282,56,'Dolorem voluptatibus dolor beatae. Neque amet tempore aut nemo enim rem. Asperiores quia quibusdam est qui id recusandae. Enim fugit ut eos aperiam necessitatibus libero.',3,'2010-12-05 22:44:15',5),(283,30,'At vitae eveniet dolorem ut illo. Neque ut voluptatem sint. Vel sint sint dolores voluptates quasi excepturi ut. Non ipsam velit vel nulla esse.',8,'2014-11-25 21:07:02',3),(284,39,'Sed nulla iure aut corporis. Animi odit velit corporis et reiciendis alias placeat. Deserunt odit maiores cum sed et perferendis quis quidem. Qui voluptate ut quia iste et ex qui.',12,'1980-04-08 21:45:04',4),(285,69,'Rerum optio alias asperiores qui. Facilis et beatae laudantium tempora sed. Id id ut possimus cumque maiores cumque. Qui cupiditate sapiente debitis molestias aut.',27,'2015-08-30 09:19:50',3),(286,42,'Ut sequi omnis esse. Quo maiores minus possimus. Voluptatem ut qui non.',16,'1991-01-08 22:47:59',3),(287,13,'Consectetur voluptas dolore autem enim enim id et dicta. Quia ipsam voluptas officiis nostrum omnis ea placeat. Unde tempora cupiditate dolor quia aliquam laborum sit.',35,'2017-01-04 22:34:49',2),(288,37,'Dignissimos alias est veritatis qui voluptatem architecto. Quia quisquam qui quia eligendi. Similique et molestiae fugit dolorum consequatur.',10,'2006-03-31 07:41:29',4),(289,9,'Dolores aut qui aut est occaecati eius. A adipisci voluptatem molestiae et excepturi distinctio vero magnam. Nemo natus voluptas est non. Reprehenderit autem omnis alias architecto impedit.',46,'2014-02-05 21:33:04',1),(290,7,'Magni qui est iste libero fugiat enim ullam. Rerum rerum modi alias quis. Quia quia est repellat sunt doloribus et.',12,'2006-05-31 00:35:09',1),(291,100,'Consequatur quod numquam rerum vitae porro accusantium animi. Eum est ratione cum illo rerum sapiente. Odio consequatur possimus omnis quos.',43,'1977-11-08 14:40:00',5),(292,26,'Suscipit laudantium doloribus maxime ut eveniet non quo odio. Tenetur id ut rerum aut.',11,'1971-03-28 10:55:36',5),(293,12,'Eligendi quis est quia pariatur. Velit est aliquid laudantium. Voluptates accusamus voluptas quod et.',14,'2004-06-06 09:51:21',2),(294,83,'Voluptas sequi et quam. Ullam ipsum aperiam ut labore atque temporibus aut itaque. Maiores dolores architecto rerum laboriosam qui fuga aut.',6,'1996-02-22 09:31:41',3),(295,39,'Cum nisi nihil nam qui. Omnis dolorem voluptas reiciendis ab ea aliquid quam. In et omnis aut magnam. Ab minus qui debitis officiis.',20,'2007-10-18 12:52:56',5),(296,1,'Voluptatem aut magnam maxime sit harum voluptatum. Totam fugiat sunt nisi sapiente alias dolorem.',14,'1981-08-13 23:57:26',1),(297,9,'Qui facere dolores tempore ut non reiciendis necessitatibus. Amet laudantium enim unde dicta et aut nihil. Saepe dolorum nam voluptatum.',28,'1971-06-23 06:40:19',1),(298,33,'Et repellendus fuga at sit et eos. Et sit quae sit ab sunt qui temporibus. Assumenda facere earum est.',20,'1974-05-31 17:30:07',3),(299,71,'Tempora non fuga nesciunt. Aut laborum cupiditate ullam voluptatum illum voluptates. Amet est enim optio illo sed. Deserunt occaecati atque dolorum veniam dolores magnam aut.',36,'1999-12-10 07:11:43',4),(300,62,'Ut velit enim repellat et vitae laborum at. Nemo eum illum mollitia saepe qui. Quae esse sunt distinctio officia iusto. Enim cumque in deserunt aut.',20,'2004-12-21 20:54:45',5);
/*!40000 ALTER TABLE `goods_comments` ENABLE KEYS */;
UNLOCK TABLES;

--
-- Table structure for table `goods_in_orders`
--

DROP TABLE IF EXISTS `goods_in_orders`;
/*!40101 SET @saved_cs_client     = @@character_set_client */;
/*!50503 SET character_set_client = utf8mb4 */;
CREATE TABLE `goods_in_orders` (
  `order_id` bigint unsigned NOT NULL,
  `goods_id` bigint unsigned NOT NULL,
  `quantity` int NOT NULL,
  PRIMARY KEY (`order_id`,`goods_id`),
  KEY `goods_in_orders_goods_id_fk` (`goods_id`),
  CONSTRAINT `goods_in_orders_goods_id_fk` FOREIGN KEY (`goods_id`) REFERENCES `goods` (`id`) ON DELETE CASCADE,
  CONSTRAINT `goods_in_orders_order_id_fk` FOREIGN KEY (`order_id`) REFERENCES `orders` (`id`) ON DELETE CASCADE
) ENGINE=InnoDB DEFAULT CHARSET=utf8mb4 COLLATE=utf8mb4_0900_ai_ci;
/*!40101 SET character_set_client = @saved_cs_client */;

--
-- Dumping data for table `goods_in_orders`
--

LOCK TABLES `goods_in_orders` WRITE;
/*!40000 ALTER TABLE `goods_in_orders` DISABLE KEYS */;
INSERT INTO `goods_in_orders` VALUES (1,8,19),(1,18,49),(1,24,100),(2,11,12),(2,32,35),(2,48,51),(3,1,19),(3,5,73),(3,6,8),(3,14,38),(3,24,6),(4,13,94),(4,22,84),(5,2,59),(5,17,42),(5,18,37),(5,25,95),(5,36,70),(5,39,85),(5,50,49),(6,6,23),(6,13,44),(7,23,65),(7,34,53),(8,37,72),(9,4,88),(9,19,62),(9,20,16),(10,25,91),(11,15,87),(11,16,58),(11,17,24),(11,33,5),(12,4,72),(12,32,49),(12,36,91),(12,43,32),(13,4,65),(13,18,95),(13,39,50),(13,41,95),(14,4,35),(14,8,98),(14,14,54),(15,38,64),(15,46,5),(16,20,16),(16,29,11),(16,38,22),(16,40,72),(17,5,58),(17,16,86),(17,23,94),(17,34,44),(18,32,35),(18,37,55),(18,48,90),(19,33,54),(19,40,93),(20,8,45),(21,1,99),(21,28,20),(21,29,7),(21,50,95),(22,5,59),(22,6,18),(22,10,64),(22,24,21),(22,46,47),(23,9,7),(23,16,37),(24,24,55),(24,33,58),(25,36,59),(25,37,38),(26,3,94),(26,5,64),(26,39,63),(27,12,17),(27,35,6),(28,18,19),(30,9,50),(30,34,81),(30,48,31),(31,5,43),(31,36,29),(31,37,75),(31,50,17),(32,11,74),(33,9,12),(33,18,29),(33,42,84),(33,46,86),(33,47,47),(34,7,33),(34,19,35),(34,23,27),(35,30,63),(35,32,12),(35,37,11),(35,48,52),(36,40,30),(38,24,47),(38,50,90),(39,3,16),(40,18,64),(40,43,67),(40,48,82),(42,20,27),(42,40,8),(43,9,81),(43,16,70),(43,32,51),(43,39,79),(44,4,62),(44,17,85),(44,49,94),(46,24,41),(47,36,87),(47,40,41),(48,17,54),(48,22,96),(48,25,9),(48,31,56),(48,44,4),(49,1,59),(49,2,64),(49,12,10),(49,15,91),(50,8,80),(50,37,32),(50,41,88),(50,43,27),(50,45,93),(51,16,8),(51,22,48),(52,13,93),(52,15,3),(52,22,77),(52,31,59),(52,44,21),(53,18,22),(53,39,59),(54,47,64),(55,1,12),(55,9,46),(55,17,64),(55,41,99),(55,46,62),(57,7,26),(57,17,10),(57,23,88),(57,29,19),(57,34,76),(57,38,98),(57,40,19),(57,49,67),(58,45,64),(59,43,93),(60,4,56),(60,36,72),(61,15,81),(62,11,8),(62,30,22),(63,30,37),(63,33,86),(63,42,48),(63,47,31),(64,4,6),(64,10,67),(64,19,23),(64,32,21),(64,40,20),(64,43,4),(65,18,10),(65,22,45),(65,23,2),(65,45,71),(66,17,9),(66,30,53),(67,16,71),(67,17,41),(67,43,28),(68,21,54),(68,26,63),(68,43,76),(69,3,64),(69,14,38),(69,26,59),(69,31,30),(69,36,15),(69,44,76),(70,9,22),(70,10,63),(70,26,42),(70,45,76),(71,8,67),(71,9,51),(71,17,94),(71,22,14),(71,31,46),(72,9,62),(73,33,7),(74,27,67),(74,39,81),(74,41,76),(75,21,29),(75,25,53),(75,26,32),(75,34,8),(76,13,22),(76,15,9),(76,23,6),(76,24,94),(77,3,26),(77,35,80),(78,15,29),(78,29,89),(78,32,37),(78,47,9),(78,49,36),(79,11,14),(79,28,49),(79,37,37),(79,43,36),(80,2,1),(80,17,14),(80,35,63),(80,49,38),(81,1,35),(81,2,53),(81,31,89),(82,8,34),(82,12,74),(82,22,19),(82,27,13),(82,46,58),(82,50,52),(83,23,49),(83,29,32),(83,44,16),(83,46,68),(84,9,6),(84,16,97),(84,41,66),(84,49,75),(85,2,23),(85,39,85),(86,2,72),(86,38,68),(86,47,9),(87,11,24),(87,40,95),(88,14,99),(88,28,9),(88,39,50),(88,44,29),(88,48,23),(89,19,30),(89,24,56),(89,46,96),(89,49,24),(90,1,60),(90,38,4),(90,49,49),(91,29,80),(91,46,78),(92,12,74),(92,16,87),(95,30,42),(95,32,46),(95,37,68),(96,6,65),(96,29,33),(96,37,82),(96,41,22),(97,9,1),(97,15,78),(97,41,2),(98,16,37),(98,35,8),(98,40,10),(99,8,20),(99,11,74),(99,17,24),(99,20,85),(99,24,93),(99,26,29),(99,47,37),(100,1,98),(100,5,78),(100,8,61),(100,30,47),(100,33,62);
/*!40000 ALTER TABLE `goods_in_orders` ENABLE KEYS */;
UNLOCK TABLES;

--
-- Table structure for table `goods_in_session`
--

DROP TABLE IF EXISTS `goods_in_session`;
/*!40101 SET @saved_cs_client     = @@character_set_client */;
/*!50503 SET character_set_client = utf8mb4 */;
CREATE TABLE `goods_in_session` (
  `session_id` bigint unsigned NOT NULL,
  `goods_id` bigint unsigned NOT NULL,
  `time_session` int NOT NULL DEFAULT '120',
  PRIMARY KEY (`session_id`,`goods_id`),
  KEY `goods_in_goods_id_fk` (`goods_id`),
  CONSTRAINT `goods_in_goods_id_fk` FOREIGN KEY (`goods_id`) REFERENCES `goods` (`id`) ON DELETE CASCADE,
  CONSTRAINT `goods_in_session_session_id_fk` FOREIGN KEY (`session_id`) REFERENCES `guest_session` (`id`) ON DELETE CASCADE
) ENGINE=InnoDB DEFAULT CHARSET=utf8mb4 COLLATE=utf8mb4_0900_ai_ci;
/*!40101 SET character_set_client = @saved_cs_client */;

--
-- Dumping data for table `goods_in_session`
--

LOCK TABLES `goods_in_session` WRITE;
/*!40000 ALTER TABLE `goods_in_session` DISABLE KEYS */;
INSERT INTO `goods_in_session` VALUES (1,30,173),(2,47,137),(3,25,138),(4,20,60),(5,17,145),(6,35,213),(7,4,143),(8,15,191),(9,2,214),(10,45,157),(11,32,147),(12,41,195),(13,32,122),(14,36,112),(15,49,36),(16,24,122),(17,33,110),(18,33,119),(19,12,63),(20,19,160),(21,31,35),(22,19,154),(23,5,84),(24,44,127),(25,12,161),(26,25,92),(27,32,100),(28,27,232),(29,40,163),(30,43,101),(31,42,30),(32,20,108),(33,40,154),(34,16,178),(35,40,166),(36,7,66),(37,1,103),(38,44,138),(39,22,120),(40,3,205),(41,38,187),(42,3,195),(43,43,180),(44,20,53),(45,39,156),(46,42,140),(47,43,73),(48,22,131),(49,24,90),(50,5,186),(51,40,127),(52,5,104),(53,23,102),(54,45,185),(55,48,170),(56,35,239),(57,20,32),(58,29,73),(59,11,230),(60,9,80),(61,22,114),(62,2,58),(63,29,59),(64,12,114),(65,18,149),(66,18,174),(67,19,99),(68,19,116),(69,12,176),(70,40,65),(71,21,41),(72,50,159),(73,43,140),(74,14,37),(75,19,57),(76,31,221),(77,5,125),(78,11,67),(79,3,195),(80,29,74),(81,15,128),(82,43,203),(83,33,135),(84,38,134),(85,37,36),(86,31,155),(87,22,84),(88,6,145),(89,10,42),(90,33,183),(91,15,155),(92,31,132),(93,34,142),(94,44,148),(95,43,147),(96,2,215),(97,12,204),(98,11,46),(99,20,48),(100,23,186);
/*!40000 ALTER TABLE `goods_in_session` ENABLE KEYS */;
UNLOCK TABLES;

--
-- Table structure for table `goods_photo`
--

DROP TABLE IF EXISTS `goods_photo`;
/*!40101 SET @saved_cs_client     = @@character_set_client */;
/*!50503 SET character_set_client = utf8mb4 */;
CREATE TABLE `goods_photo` (
  `id` bigint unsigned NOT NULL AUTO_INCREMENT,
  `goods_id` bigint unsigned NOT NULL,
  `photo_link` varchar(255) DEFAULT NULL,
  `photo_description` varchar(255) DEFAULT NULL,
  `photo_is_main` tinyint(1) DEFAULT NULL,
  `created_at` datetime NOT NULL DEFAULT CURRENT_TIMESTAMP,
  PRIMARY KEY (`id`),
  KEY `goods_photo_goods_id_fk` (`goods_id`),
  CONSTRAINT `goods_photo_goods_id_fk` FOREIGN KEY (`goods_id`) REFERENCES `goods` (`id`) ON DELETE CASCADE
) ENGINE=InnoDB AUTO_INCREMENT=101 DEFAULT CHARSET=utf8mb4 COLLATE=utf8mb4_0900_ai_ci;
/*!40101 SET character_set_client = @saved_cs_client */;

--
-- Dumping data for table `goods_photo`
--

LOCK TABLES `goods_photo` WRITE;
/*!40000 ALTER TABLE `goods_photo` DISABLE KEYS */;
INSERT INTO `goods_photo` VALUES (1,37,'http://lorempixel.com/600/400/abstract/','Dolore labore eius omnis corporis illo. Vero similique qui nesciunt neque et delectus. Qui dolores non odit iste qui quisquam nesciunt.',0,'2013-09-25 16:18:08'),(2,27,'http://lorempixel.com/600/400/abstract/','Voluptatem repellat tenetur ipsum. Repellat optio est consequatur cum perferendis. Ipsa sit deleniti adipisci voluptas quae.',0,'1974-01-04 13:48:55'),(3,36,'http://lorempixel.com/600/400/abstract/','Officia facilis nam nesciunt repellendus sapiente distinctio. Voluptatem mollitia distinctio aut ut deleniti quis velit. Sint voluptatem reprehenderit nemo accusantium sunt quae earum.',1,'2013-06-01 14:46:13'),(4,38,'http://lorempixel.com/600/400/abstract/','Dolor qui consequuntur fugiat id molestiae sunt. Reprehenderit atque ratione non et enim qui sint expedita. Alias molestias nam quis ut. Libero sunt ad hic alias.',1,'2006-09-17 03:52:13'),(5,30,'http://lorempixel.com/600/400/abstract/','Nulla iste quibusdam qui reprehenderit qui tempore sint. Inventore delectus ipsam rerum vel dolores ipsum ea. Aut porro ut quia consectetur.',0,'2004-01-25 23:11:53'),(6,10,'http://lorempixel.com/600/400/abstract/','Voluptatem sit vel facere minima. Placeat modi laboriosam eos. Optio omnis eos accusamus autem quia. Perferendis doloribus qui ut saepe voluptatum dolor omnis.',0,'2009-03-04 16:51:03'),(7,26,'http://lorempixel.com/600/400/abstract/','Officiis sunt alias repellendus atque ex. Ad maxime nulla beatae tenetur explicabo. Vitae labore quis labore consequuntur quis aspernatur.',0,'2000-12-16 12:46:11'),(8,39,'http://lorempixel.com/600/400/abstract/','Ipsum blanditiis pariatur sunt id et repellat. Culpa architecto labore ipsum eveniet reiciendis odio. Eligendi ipsa ut reprehenderit provident nulla qui.',1,'1986-05-27 00:03:15'),(9,14,'http://lorempixel.com/600/400/abstract/','Nihil earum autem consectetur dignissimos excepturi ut aspernatur. Et qui in qui omnis architecto ratione sed et. Molestias saepe sequi voluptas ad.',1,'2014-05-24 07:19:39'),(10,4,'http://lorempixel.com/600/400/abstract/','Quod accusantium laudantium sint similique libero enim labore eos. Ut eius maxime rerum adipisci perferendis. Sit ea facilis tempora accusamus doloremque itaque nam.',1,'2000-07-29 23:48:41'),(11,34,'http://lorempixel.com/600/400/abstract/','Eos id at velit eius. Nihil sint sit ipsam eaque est voluptas vero. Aut quisquam sint harum atque eum. Sint repellendus repellat dicta sapiente.',0,'2011-09-19 17:51:12'),(12,31,'http://lorempixel.com/600/400/abstract/','Architecto aliquid debitis provident voluptatum nulla quis dolorem. Nihil doloremque facere accusamus consequatur id minima ut soluta. Autem quaerat tempore autem ipsam voluptatem corporis placeat.',0,'1971-06-27 11:29:20'),(13,7,'http://lorempixel.com/600/400/abstract/','Voluptas aut eos similique facilis fuga rem. Explicabo iusto et omnis pariatur repudiandae aspernatur. Cumque reprehenderit et aut laborum. Laboriosam nihil dolorum nulla dolore velit.',0,'1987-02-20 21:35:24'),(14,5,'http://lorempixel.com/600/400/abstract/','Quod ut facilis qui consequatur. Eos laborum sunt odio autem a qui sint a. Voluptates dignissimos et atque iure qui. Nam praesentium ad enim sit.',1,'1994-02-18 11:36:07'),(15,1,'http://lorempixel.com/600/400/abstract/','Sit ex beatae eum corrupti. Perferendis eligendi laudantium placeat. Atque et enim esse.',1,'2000-09-10 06:22:32'),(16,7,'http://lorempixel.com/600/400/abstract/','Et distinctio qui libero quia non sunt omnis assumenda. Autem animi debitis minus expedita maxime qui. In labore voluptatibus amet sint officiis officiis.',1,'2010-03-24 09:08:20'),(17,9,'http://lorempixel.com/600/400/abstract/','In doloremque facere dolor. Asperiores consectetur voluptatem excepturi facilis harum consectetur laudantium. Ut illum recusandae enim et ut eaque unde.',1,'2021-01-20 08:05:21'),(18,14,'http://lorempixel.com/600/400/abstract/','Aut error dolor eum. Tempore ut aut quisquam minus omnis. Velit ipsum reiciendis perferendis expedita ad quia pariatur.',0,'2016-07-02 02:23:33'),(19,28,'http://lorempixel.com/600/400/abstract/','Quibusdam blanditiis fuga deleniti ducimus quae. Ratione necessitatibus quisquam explicabo est qui dolorem. Praesentium ut neque et hic.',0,'1995-10-24 13:48:53'),(20,42,'http://lorempixel.com/600/400/abstract/','Ut et sed facilis deserunt ut. Dolore minus dolores qui sint repudiandae. Qui laboriosam voluptas autem sunt. Voluptatem unde explicabo dolor aut quo facere consequatur.',1,'1987-04-30 05:22:55'),(21,2,'http://lorempixel.com/600/400/abstract/','Delectus nobis qui dolor voluptatum deleniti voluptates cupiditate. Sit omnis aut dicta libero quaerat. Reprehenderit omnis odio in dicta provident vero.',1,'1979-10-23 06:14:24'),(22,6,'http://lorempixel.com/600/400/abstract/','Cumque expedita ipsam commodi officiis illum. Nulla eum velit porro rem dolorem doloribus nihil. Voluptatem ipsa mollitia eaque repudiandae et dolorem.',1,'1984-01-01 01:46:04'),(23,23,'http://lorempixel.com/600/400/abstract/','Est ullam qui ratione est consequuntur. Ex aliquam enim voluptatem voluptas. Voluptas vero consequatur incidunt ab velit ducimus qui quis.',0,'1986-08-03 23:37:24'),(24,22,'http://lorempixel.com/600/400/abstract/','Non occaecati voluptatem recusandae debitis. Molestiae qui labore et id beatae labore dolore. Laboriosam asperiores autem voluptatem consequatur aliquam quae.',1,'1986-04-08 09:03:41'),(25,18,'http://lorempixel.com/600/400/abstract/','Nulla sit omnis qui sunt dolorem possimus delectus. Eos ut distinctio voluptatibus non iste ut.',0,'2006-04-10 07:56:54'),(26,18,'http://lorempixel.com/600/400/abstract/','Ut repudiandae nostrum eveniet est. Soluta fugit nihil dolorem qui beatae sunt hic. Occaecati deleniti et deserunt architecto et et. Minus velit nam illum.',1,'2009-07-31 03:53:17'),(27,16,'http://lorempixel.com/600/400/abstract/','Fuga dignissimos fugit quas natus odio. Cum facere ut rerum nisi. Nihil qui temporibus eum repudiandae perspiciatis ipsum.',1,'2000-11-06 17:43:21'),(28,5,'http://lorempixel.com/600/400/abstract/','Eum fugiat corrupti nobis fugit tempora omnis. Ducimus sit sapiente molestiae. Voluptatem maiores libero delectus debitis nesciunt quae. Voluptas laboriosam natus aliquid dignissimos aut quia.',0,'2000-04-08 23:03:11'),(29,19,'http://lorempixel.com/600/400/abstract/','Et delectus voluptatem facere. Sint similique est aliquam ut sit ipsa. Occaecati impedit eum placeat qui consequatur et ipsam.',0,'2008-03-05 10:51:16'),(30,21,'http://lorempixel.com/600/400/abstract/','Eaque doloremque est accusamus et. Doloremque rem voluptatem quis dolor. Qui ipsum dignissimos in et numquam consequatur. Accusamus quia enim tempore non aut.',0,'2004-12-02 21:44:13'),(31,15,'http://lorempixel.com/600/400/abstract/','In labore suscipit enim aspernatur placeat mollitia. Qui et id delectus autem ut occaecati nihil. Omnis rem et expedita molestiae incidunt dolores. Ad numquam vitae porro sequi voluptate earum sint.',1,'1991-01-30 14:35:48'),(32,6,'http://lorempixel.com/600/400/abstract/','Aut totam sit voluptate tempore ipsam ut culpa. Accusamus nihil officia optio neque ipsam dolorem. Laboriosam commodi dolores ea rem reiciendis. Dolore ad eveniet temporibus.',0,'2014-11-06 08:47:49'),(33,48,'http://lorempixel.com/600/400/abstract/','Quasi magnam dolor mollitia voluptates laborum. Et ex dolores nisi quisquam. Est molestias et magni aut.',0,'2012-06-18 03:57:14'),(34,50,'http://lorempixel.com/600/400/abstract/','Quis iusto perspiciatis quia. Alias eos commodi enim ex veniam ut sequi. Ipsum ex quisquam porro quaerat laudantium qui autem at.',0,'1998-12-05 15:10:01'),(35,43,'http://lorempixel.com/600/400/abstract/','Nihil magnam repellat animi accusantium. Ut et tempore nostrum rerum ea. Neque facere quo facere inventore aut laudantium aperiam.',0,'2004-07-02 23:24:47'),(36,28,'http://lorempixel.com/600/400/abstract/','Consequatur et vel earum tenetur odit recusandae. Est sint ullam non voluptatem vero. Culpa culpa consectetur quo autem. Illo sunt fuga illum error veritatis illo sunt.',1,'1998-01-29 22:13:44'),(37,9,'http://lorempixel.com/600/400/abstract/','Aperiam aliquam voluptatibus ea eveniet est. Perspiciatis ut voluptas quae. Sint non architecto autem cupiditate rerum et deserunt.',1,'1986-12-15 03:16:16'),(38,19,'http://lorempixel.com/600/400/abstract/','Deleniti qui voluptatibus quia maiores nemo. Ea eum eum aliquam et. Libero odio saepe voluptas aut odio dolorem. Officia maxime illo consequatur.',0,'1991-04-29 19:23:21'),(39,16,'http://lorempixel.com/600/400/abstract/','Molestias id non officia debitis corrupti quia. Vel quae quia quod dolorem cumque nemo sed voluptatem. Quo rem error sint earum maiores asperiores deleniti.',0,'2000-08-17 23:13:22'),(40,22,'http://lorempixel.com/600/400/abstract/','Culpa perspiciatis unde esse ut. Aut quod fuga doloremque. Voluptate quaerat exercitationem repellat quaerat dicta repellendus nostrum. Reiciendis et molestiae ea qui architecto.',0,'2000-01-22 13:53:05'),(41,22,'http://lorempixel.com/600/400/abstract/','Dolores sint dolore est dolores porro inventore culpa possimus. Iste quae sed quos est ex aliquam. Quidem rem totam vel earum. Ut ea consequatur officiis porro non ea velit.',0,'1988-05-14 02:44:49'),(42,50,'http://lorempixel.com/600/400/abstract/','At exercitationem quisquam molestiae illum expedita. Repellendus pariatur ipsa veritatis modi officia illum voluptas est. Nesciunt officiis odio modi voluptatem. Ex et dolore est accusamus.',0,'2013-09-22 14:52:20'),(43,3,'http://lorempixel.com/600/400/abstract/','Esse fugiat recusandae blanditiis in. Voluptatum saepe dolorem est ut dolorem porro. Expedita velit eaque rerum id quibusdam enim aperiam.',1,'1973-06-05 16:42:54'),(44,29,'http://lorempixel.com/600/400/abstract/','Nulla possimus officiis quod rerum aliquid dolor nemo. Sunt exercitationem hic reiciendis sunt. Aliquid natus libero dolorum quidem a impedit libero.',0,'1983-01-08 22:10:43'),(45,4,'http://lorempixel.com/600/400/abstract/','Nobis quaerat esse inventore et. Pariatur ipsa nulla excepturi necessitatibus tenetur cumque aut quo. Voluptatibus exercitationem tenetur animi et laboriosam. Perferendis quasi labore aut harum.',0,'2010-02-28 11:17:21'),(46,4,'http://lorempixel.com/600/400/abstract/','Molestiae velit recusandae numquam eos a et repellendus magnam. Similique eum rerum incidunt dicta.',0,'1984-03-16 15:06:09'),(47,35,'http://lorempixel.com/600/400/abstract/','Dolore commodi expedita sunt. In voluptas nihil consequatur possimus vitae eaque debitis.\nVoluptatem dolor ab quia. Ut laborum aut quidem modi aut. Exercitationem ab voluptas cum saepe quos amet sit.',1,'1998-08-19 22:22:32'),(48,12,'http://lorempixel.com/600/400/abstract/','Architecto hic aut beatae et quia officia consequuntur. Illum deleniti ex sint. Dolorum et perferendis est maxime aut. Mollitia quia voluptatem est nam vel veniam.',1,'1999-10-22 03:08:08'),(49,17,'http://lorempixel.com/600/400/abstract/','Voluptatem laudantium dolor illo incidunt. Dolore nisi consequatur hic iusto ad sed quam. Voluptas et autem et voluptatem quia.',0,'2008-02-06 00:59:05'),(50,13,'http://lorempixel.com/600/400/abstract/','Quia ut quis ipsam rerum libero. Aliquam et porro porro qui dolores eligendi in.',0,'1999-02-11 19:13:58'),(51,4,'http://lorempixel.com/600/400/abstract/','Mollitia sed fugiat maxime odit tempore dicta assumenda. Consectetur est molestiae eveniet veniam.',0,'1978-10-16 01:46:43'),(52,18,'http://lorempixel.com/600/400/abstract/','Blanditiis quia expedita repudiandae ut beatae non quia. Illum minima aut occaecati in quis dolorem totam. Aspernatur natus reiciendis pariatur incidunt ducimus eius dolor tempora.',1,'1996-05-02 05:32:26'),(53,19,'http://lorempixel.com/600/400/abstract/','Quia pariatur consequatur exercitationem voluptatem laudantium. Accusantium voluptatibus nesciunt numquam enim fugiat dignissimos ullam. Quis et minus sint.',1,'1998-05-08 14:40:10'),(54,26,'http://lorempixel.com/600/400/abstract/','Odio fuga aut doloribus consequatur. A laudantium recusandae ut velit recusandae rerum harum. Tenetur placeat nisi nulla sapiente ex. Ipsum aliquid omnis hic sapiente provident aut.',1,'1978-06-16 03:06:32'),(55,40,'http://lorempixel.com/600/400/abstract/','Voluptatem quae corrupti voluptatem ut. Nisi reiciendis nostrum rem nihil id eaque ipsum. Numquam vitae maiores voluptas harum dolorem eum dolorum.',0,'2003-12-17 19:55:23'),(56,37,'http://lorempixel.com/600/400/abstract/','Ea et consequatur voluptatem dicta iste consequatur in. Eaque voluptatum qui ut a rerum saepe ex. Cumque magni cum est enim.',1,'2001-08-23 14:20:29'),(57,43,'http://lorempixel.com/600/400/abstract/','Rerum sint eum aut et adipisci quo. Doloremque et voluptatem laborum.',0,'2001-01-05 08:29:27'),(58,5,'http://lorempixel.com/600/400/abstract/','Dicta voluptatem laudantium rerum et soluta quia nam et. Autem sit voluptatum assumenda et non impedit. Est aut ab quasi eum.',0,'2017-05-20 17:07:14'),(59,41,'http://lorempixel.com/600/400/abstract/','Alias architecto voluptatem quos et qui laboriosam. Quo reprehenderit ipsa nobis facere. Id totam voluptas nisi consequuntur. Qui officia sunt ipsa illum.',1,'1970-02-27 04:07:32'),(60,12,'http://lorempixel.com/600/400/abstract/','Ut id odio non sint. Sunt ab suscipit iste eius quos atque. Culpa ab facere eum animi totam.',1,'1972-10-26 20:52:28'),(61,26,'http://lorempixel.com/600/400/abstract/','Perspiciatis quasi modi dolor sit hic autem. Ullam iusto harum molestiae cumque doloremque. Aut velit reiciendis ad qui omnis incidunt.',1,'1995-07-23 00:07:40'),(62,5,'http://lorempixel.com/600/400/abstract/','Sed vel porro quo nulla sunt. Hic dolorem est earum quae.',0,'1987-11-15 00:53:30'),(63,17,'http://lorempixel.com/600/400/abstract/','Eius earum possimus reiciendis veniam sapiente voluptatem minus. Est excepturi in maxime et autem alias inventore.',0,'1979-01-25 03:03:23'),(64,24,'http://lorempixel.com/600/400/abstract/','Fugit quia assumenda sint ipsa doloribus. Ex consequatur sapiente libero et delectus repellat. Eum accusamus quasi unde consequatur. Sed autem laudantium et rerum error.',0,'2020-07-14 21:50:30'),(65,4,'http://lorempixel.com/600/400/abstract/','Rem cupiditate quis aut amet facere delectus. Et perferendis odio voluptatem repudiandae ut ad. Et esse nihil minima ut. Necessitatibus quis vero et.',1,'2002-01-22 01:52:37'),(66,10,'http://lorempixel.com/600/400/abstract/','Consectetur est reiciendis sed sint quo mollitia. Distinctio quae omnis eveniet nam aut est autem. Velit magnam voluptatem eos ipsa quaerat dolor.',0,'1997-05-24 13:33:57'),(67,1,'http://lorempixel.com/600/400/abstract/','Adipisci odio corporis voluptatem vel. Quis voluptatem in sit quisquam ad magni. Et rem recusandae recusandae nihil qui nihil. Est rerum tenetur et dolor et tempore necessitatibus.',1,'1979-06-01 20:14:53'),(68,13,'http://lorempixel.com/600/400/abstract/','Iste eos velit et velit qui ea sed cumque. Illo vel ut voluptatem sint impedit deleniti. Magnam aperiam delectus praesentium hic voluptatem modi. Repudiandae eum sed suscipit dolores.',0,'1980-01-06 10:28:26'),(69,28,'http://lorempixel.com/600/400/abstract/','Ratione sed et ea natus perferendis ut minima. Velit sunt excepturi repellat itaque ut. Nobis temporibus praesentium repudiandae deserunt qui aliquam. Alias et architecto quis quia nihil dolorum.',0,'1985-05-17 19:50:01'),(70,17,'http://lorempixel.com/600/400/abstract/','Non dolores fugiat illum et hic. Impedit qui delectus blanditiis occaecati laborum excepturi itaque. Accusantium sint non qui unde rerum.',1,'2008-02-12 19:16:05'),(71,35,'http://lorempixel.com/600/400/abstract/','Itaque a nesciunt fugit ea blanditiis quis dolores. Molestiae dolorum quia sunt sapiente. Dignissimos nobis quis dolorum praesentium et perspiciatis.',0,'2018-08-11 14:51:59'),(72,50,'http://lorempixel.com/600/400/abstract/','Non sit sit eligendi accusamus. Sit est distinctio nesciunt inventore minus ad commodi. Exercitationem et inventore molestias.',0,'1981-08-06 10:08:44'),(73,17,'http://lorempixel.com/600/400/abstract/','Laboriosam dolor et error in ab quia. Deleniti et rem molestiae est sed placeat odit dolorem. Consectetur facilis consequatur fugiat nostrum nihil facilis. Eum quos et nihil.',1,'1977-03-08 14:29:25'),(74,38,'http://lorempixel.com/600/400/abstract/','Amet dolorem non et esse sunt. Aut odit vel quis atque deleniti cupiditate nesciunt dolor. Dolores possimus tenetur iste nam quo. Eligendi suscipit magni nulla voluptatem vitae.',0,'2000-01-15 01:29:58'),(75,28,'http://lorempixel.com/600/400/abstract/','Praesentium incidunt assumenda et nulla incidunt error nisi eum. Odit consectetur sunt aperiam architecto hic debitis. Voluptas dolorum ut quisquam ea alias veniam.',1,'1994-12-13 00:14:01'),(76,20,'http://lorempixel.com/600/400/abstract/','Velit quam reiciendis fugiat dolorum. Ex numquam fugit delectus est veritatis. Omnis perspiciatis est laudantium animi rerum officiis eius in.',0,'2000-07-09 20:58:02'),(77,41,'http://lorempixel.com/600/400/abstract/','Cumque voluptatem qui cum eius. Nihil consequatur aut vel exercitationem rem. Ipsum amet autem veritatis itaque veniam quis quis. Aliquid magni quo veniam illum.',0,'2000-08-07 11:53:03'),(78,13,'http://lorempixel.com/600/400/abstract/','Dolore molestias dolor voluptas autem quibusdam omnis qui. Minus quod eum et quae dicta sit officiis corporis. Adipisci nihil est id omnis enim. Corporis odit sint eaque id.',0,'1975-12-13 21:58:13'),(79,32,'http://lorempixel.com/600/400/abstract/','Id rerum tempore tempore. Nemo nobis quod quis accusantium voluptates laudantium. Eveniet deserunt dolorem itaque enim. Ipsa et odio occaecati dolores iure.',0,'1980-11-04 18:48:02'),(80,8,'http://lorempixel.com/600/400/abstract/','A dolorem aspernatur et rerum velit natus eum. At tempore pariatur vel assumenda aut adipisci.',0,'2006-02-08 20:06:19'),(81,25,'http://lorempixel.com/600/400/abstract/','Quo quam fugiat est fugiat. Et unde vel et consectetur. Excepturi ipsa aut magni enim. Voluptatum dolores reiciendis nemo impedit.',1,'1990-01-30 05:24:53'),(82,36,'http://lorempixel.com/600/400/abstract/','Corrupti quod fuga quae quo eius. Ullam sed accusamus consequatur molestiae ea. Consequatur nesciunt nulla similique soluta. Ut ratione voluptatem dolores voluptatem.',1,'2018-03-01 04:16:42'),(83,26,'http://lorempixel.com/600/400/abstract/','Dignissimos et qui beatae exercitationem. Id et nesciunt sit provident possimus eius blanditiis. Incidunt tempora qui deleniti omnis.',0,'1989-09-10 15:04:57'),(84,43,'http://lorempixel.com/600/400/abstract/','Aliquam velit consectetur quis. Et soluta maxime ut in nihil qui voluptate. Aut iure corrupti repudiandae omnis impedit est tempore unde.',1,'1973-12-08 13:49:49'),(85,12,'http://lorempixel.com/600/400/abstract/','Mollitia voluptatem velit maiores sunt tempora beatae incidunt praesentium. Voluptatem dolorem sed doloribus aut provident in et autem. Voluptas laborum non nobis aspernatur eum autem nostrum.',0,'2005-08-11 16:58:40'),(86,15,'http://lorempixel.com/600/400/abstract/','Rerum voluptatem quo repudiandae vel dolor. Optio eos ut voluptas ut voluptates. At tenetur consequatur ipsam odit.',1,'2015-03-26 21:52:57'),(87,29,'http://lorempixel.com/600/400/abstract/','Nihil enim molestias at consequatur excepturi consequatur. Praesentium et sed dolorem nobis distinctio. Deleniti perferendis perspiciatis reiciendis sint cupiditate culpa.',1,'1971-04-11 13:05:07'),(88,5,'http://lorempixel.com/600/400/abstract/','Dignissimos unde deleniti consequuntur. Libero et illum illum et voluptatem. Iste perspiciatis qui dignissimos aut.',1,'1980-01-01 05:32:26'),(89,19,'http://lorempixel.com/600/400/abstract/','Dolor enim eligendi deleniti qui. Qui recusandae vitae nulla deserunt maxime et. Esse odio omnis perferendis possimus quibusdam architecto ut est.',0,'1975-10-24 10:03:02'),(90,20,'http://lorempixel.com/600/400/abstract/','Sequi reiciendis sunt molestiae eos architecto ex. Voluptas quos minus sint earum. Illo sit non facere est cupiditate.',1,'1975-07-29 11:18:14'),(91,16,'http://lorempixel.com/600/400/abstract/','Omnis amet tempora laboriosam. Facilis ratione neque nobis voluptas et. Modi optio voluptas dolor. Sint cumque libero in deleniti nulla consequatur quia. Occaecati quo fugiat ut.',1,'1984-03-02 22:54:04'),(92,44,'http://lorempixel.com/600/400/abstract/','Similique ipsum accusantium eos aut excepturi et. Dolorem qui sit molestiae fugit. Et in in quo voluptatem recusandae.',1,'1986-11-12 22:21:15'),(93,24,'http://lorempixel.com/600/400/abstract/','Molestiae et accusantium nobis iusto a est maxime. Sint neque fugit asperiores nostrum possimus adipisci et. Dolor tempora recusandae blanditiis qui. Dolorum et veniam perferendis eligendi.',0,'1986-10-04 11:05:29'),(94,33,'http://lorempixel.com/600/400/abstract/','Praesentium velit qui sint iusto. Laborum sint doloremque officia est. Iure veritatis quo est facere nulla est. Sunt molestias esse voluptatum minus eum explicabo.',0,'1993-12-28 08:07:46'),(95,17,'http://lorempixel.com/600/400/abstract/','Mollitia et consequatur qui illum eos. Omnis dolores consectetur optio et.',0,'2006-12-31 19:51:53'),(96,28,'http://lorempixel.com/600/400/abstract/','Odio sint possimus totam quo. Maxime animi nemo earum aut cum sit sed excepturi. Aut ut repudiandae in et placeat et.',1,'2006-02-14 11:55:30'),(97,42,'http://lorempixel.com/600/400/abstract/','Rerum nihil eum non facere. Et impedit veniam eveniet quaerat magni neque odit. Quia ut ut est. Cum similique officiis voluptatum ab voluptas aut.',0,'2001-07-24 16:37:05'),(98,18,'http://lorempixel.com/600/400/abstract/','Ea illum dolores est reprehenderit assumenda ipsam. Vero qui ad asperiores. Iusto excepturi nostrum rem minima officia accusantium. Ut eos accusantium qui ut tempore.',0,'1978-05-25 08:31:42'),(99,41,'http://lorempixel.com/600/400/abstract/','Debitis quisquam eos sed est officiis enim. Et et nam non qui hic libero. Dolore quia culpa fugit eligendi vel magnam repellat. Non atque laudantium molestiae voluptas velit beatae ut.',1,'1983-06-29 02:44:35'),(100,19,'http://lorempixel.com/600/400/abstract/','Illo est nemo repudiandae. Omnis non hic nihil omnis labore ea.',0,'2012-10-12 15:03:13');
/*!40000 ALTER TABLE `goods_photo` ENABLE KEYS */;
UNLOCK TABLES;

--
-- Table structure for table `guest_session`
--

DROP TABLE IF EXISTS `guest_session`;
/*!40101 SET @saved_cs_client     = @@character_set_client */;
/*!50503 SET character_set_client = utf8mb4 */;
CREATE TABLE `guest_session` (
  `id` bigint unsigned NOT NULL AUTO_INCREMENT,
  `ip_adress` int unsigned NOT NULL,
  `created_at` datetime NOT NULL DEFAULT CURRENT_TIMESTAMP,
  `session_type` int unsigned NOT NULL,
  PRIMARY KEY (`id`),
  KEY `guest_session_session_type_fk` (`session_type`),
  CONSTRAINT `guest_session_session_type_fk` FOREIGN KEY (`session_type`) REFERENCES `session_types` (`id`) ON DELETE CASCADE
) ENGINE=InnoDB AUTO_INCREMENT=101 DEFAULT CHARSET=utf8mb4 COLLATE=utf8mb4_0900_ai_ci;
/*!40101 SET character_set_client = @saved_cs_client */;

--
-- Dumping data for table `guest_session`
--

LOCK TABLES `guest_session` WRITE;
/*!40000 ALTER TABLE `guest_session` DISABLE KEYS */;
INSERT INTO `guest_session` VALUES (1,123176,'2016-06-23 09:20:23',1),(2,130128,'2012-11-08 11:49:53',2),(3,25361,'1978-09-03 16:27:03',2),(4,211202,'1989-09-22 06:27:07',2),(5,75124,'1975-11-18 06:44:11',1),(6,43157,'1987-03-14 13:07:59',1),(7,17267,'1975-07-12 01:46:05',1),(8,151199,'1972-06-29 03:37:44',2),(9,15452,'1972-09-13 20:41:41',1),(10,177109,'1982-12-03 14:15:53',1),(11,19721,'2003-12-05 06:23:01',2),(12,22985,'1974-05-12 08:16:15',1),(13,32146,'2016-11-29 23:10:40',1),(14,85109,'2019-09-04 20:39:07',1),(15,21176,'2007-08-04 15:28:06',1),(16,185187,'2004-12-03 11:28:13',1),(17,6479,'1993-10-31 03:04:12',2),(18,9617,'1992-11-26 06:59:48',2),(19,23249,'1976-06-21 01:33:04',2),(20,12126,'1990-04-04 08:55:20',1),(21,9113,'1975-12-27 15:08:18',2),(22,18547,'1980-05-29 05:27:09',1),(23,7598,'2003-05-11 14:21:02',2),(24,251110,'2002-02-12 13:09:39',2),(25,21165,'2018-09-09 18:06:56',1),(26,161106,'1990-01-04 04:36:36',2),(27,4112,'1990-06-08 21:45:53',1),(28,226166,'2008-05-26 07:21:09',1),(29,4830,'2008-04-18 14:44:44',1),(30,1631,'1991-07-26 02:06:45',2),(31,219228,'2002-07-16 02:38:04',2),(32,16246,'2014-07-14 13:16:05',1),(33,207139,'1996-01-01 18:51:33',1),(34,6375,'2016-11-11 02:09:18',1),(35,12756,'1997-12-19 23:24:20',1),(36,16264,'1975-10-12 18:10:14',1),(37,98141,'1999-09-19 23:58:36',1),(38,29225,'2008-08-22 15:48:02',1),(39,25154,'2005-05-20 14:37:10',2),(40,51243,'1976-09-13 00:07:58',2),(41,189225,'2009-08-04 12:43:36',1),(42,199129,'2017-05-04 23:49:01',2),(43,242177,'2008-03-05 20:05:48',1),(44,6978,'1977-12-10 03:58:09',2),(45,77129,'1975-04-09 23:03:20',1),(46,53192,'2010-12-24 08:23:04',2),(47,69106,'2009-11-28 12:40:51',2),(48,97198,'2000-04-13 19:10:32',1),(49,1341,'2003-08-09 14:58:40',1),(50,134254,'1993-12-16 19:41:21',2),(51,190178,'2018-11-08 08:23:56',2),(52,115155,'2008-09-11 10:51:49',1),(53,30248,'2005-03-10 06:54:49',2),(54,195110,'2018-12-01 02:25:35',1),(55,77251,'2002-05-26 11:21:12',2),(56,18684,'2002-08-15 07:37:49',1),(57,22318,'2002-09-22 04:30:13',2),(58,92221,'1983-02-12 23:54:39',1),(59,77131,'1994-08-11 11:46:45',1),(60,20149,'2020-05-07 16:36:28',1),(61,8775,'1980-02-28 21:07:34',1),(62,167234,'2005-10-14 05:55:17',2),(63,168181,'1975-06-17 12:36:02',2),(64,5921,'2007-06-18 08:54:11',1),(65,19118,'2017-09-10 00:34:53',2),(66,8397,'1976-03-18 20:51:19',1),(67,126115,'1996-06-23 17:07:34',1),(68,16876,'2013-03-05 16:53:19',2),(69,8178,'2001-04-25 10:15:34',2),(70,12783,'1998-12-07 16:30:21',2),(71,153188,'1980-04-23 10:50:51',1),(72,244214,'1975-06-16 08:25:30',1),(73,90255,'2000-04-01 11:38:19',2),(74,40244,'2017-07-07 00:41:02',2),(75,5619,'1981-12-17 09:26:11',2),(76,118221,'1977-01-08 01:57:34',2),(77,226236,'1970-12-20 18:03:36',2),(78,3241,'1985-07-23 03:56:14',1),(79,28174,'2013-10-13 02:53:16',2),(80,17158,'2007-02-03 00:05:17',1),(81,21989,'2002-02-21 00:00:03',1),(82,20520,'1972-11-22 14:25:35',2),(83,934,'2003-03-01 08:00:38',2),(84,58243,'1981-12-10 00:22:29',1),(85,175158,'2001-08-02 19:31:25',2),(86,112245,'2017-10-02 22:43:18',2),(87,209115,'1978-02-10 23:36:05',1),(88,17760,'2017-04-23 21:27:51',2),(89,19060,'1973-08-28 23:08:05',1),(90,1518,'1974-07-27 13:00:15',2),(91,163126,'2013-09-26 06:11:11',2),(92,47168,'1993-04-12 21:27:31',2),(93,247113,'2002-10-27 06:17:00',1),(94,12660,'2019-02-16 09:42:34',1),(95,54142,'1973-01-17 22:25:08',1),(96,17374,'2011-07-30 00:44:22',2),(97,2346,'2019-02-18 04:42:03',1),(98,1157,'1977-09-17 05:18:37',1),(99,13167,'2019-04-29 20:32:53',2),(100,17668,'1998-07-15 08:45:55',2);
/*!40000 ALTER TABLE `guest_session` ENABLE KEYS */;
UNLOCK TABLES;

--
-- Table structure for table `manufacturer`
--

DROP TABLE IF EXISTS `manufacturer`;
/*!40101 SET @saved_cs_client     = @@character_set_client */;
/*!50503 SET character_set_client = utf8mb4 */;
CREATE TABLE `manufacturer` (
  `id` int NOT NULL AUTO_INCREMENT,
  `manufacturer_title` varchar(30) DEFAULT NULL,
  PRIMARY KEY (`id`)
) ENGINE=InnoDB AUTO_INCREMENT=11 DEFAULT CHARSET=utf8mb4 COLLATE=utf8mb4_0900_ai_ci;
/*!40101 SET character_set_client = @saved_cs_client */;

--
-- Dumping data for table `manufacturer`
--

LOCK TABLES `manufacturer` WRITE;
/*!40000 ALTER TABLE `manufacturer` DISABLE KEYS */;
INSERT INTO `manufacturer` VALUES (1,'placeat'),(2,'et'),(3,'molestias'),(4,'consectetur'),(5,'dolorum'),(6,'aut'),(7,'voluptatibus'),(8,'magnam'),(9,'quisquam'),(10,'rerum');
/*!40000 ALTER TABLE `manufacturer` ENABLE KEYS */;
UNLOCK TABLES;

--
-- Table structure for table `orders`
--

DROP TABLE IF EXISTS `orders`;
/*!40101 SET @saved_cs_client     = @@character_set_client */;
/*!50503 SET character_set_client = utf8mb4 */;
CREATE TABLE `orders` (
  `id` bigint unsigned NOT NULL AUTO_INCREMENT,
  `user_id` bigint unsigned DEFAULT NULL,
  `created_at` datetime NOT NULL DEFAULT CURRENT_TIMESTAMP,
  `updated_at` datetime DEFAULT CURRENT_TIMESTAMP ON UPDATE CURRENT_TIMESTAMP,
  `order_delivery_type` int unsigned NOT NULL,
  `order_status_type` int unsigned NOT NULL,
  `session_id` bigint unsigned DEFAULT NULL,
  PRIMARY KEY (`id`),
  KEY `orders_user_id_fk` (`user_id`),
  KEY `orders_order_delivery_type_fk` (`order_delivery_type`),
  KEY `orders_order_status_type_fk` (`order_status_type`),
  KEY `orders_session_id_fk` (`session_id`),
  CONSTRAINT `orders_order_delivery_type_fk` FOREIGN KEY (`order_delivery_type`) REFERENCES `delivery_type` (`id`) ON DELETE CASCADE,
  CONSTRAINT `orders_order_status_type_fk` FOREIGN KEY (`order_status_type`) REFERENCES `status_type` (`id`) ON DELETE CASCADE,
  CONSTRAINT `orders_session_id_fk` FOREIGN KEY (`session_id`) REFERENCES `guest_session` (`id`) ON DELETE SET NULL,
  CONSTRAINT `orders_user_id_fk` FOREIGN KEY (`user_id`) REFERENCES `users` (`id`) ON DELETE CASCADE
) ENGINE=InnoDB AUTO_INCREMENT=101 DEFAULT CHARSET=utf8mb4 COLLATE=utf8mb4_0900_ai_ci;
/*!40101 SET character_set_client = @saved_cs_client */;

--
-- Dumping data for table `orders`
--

LOCK TABLES `orders` WRITE;
/*!40000 ALTER TABLE `orders` DISABLE KEYS */;
INSERT INTO `orders` VALUES (1,31,'1994-02-15 07:54:15','2006-10-03 23:18:46',3,2,1),(2,8,'1976-07-28 23:24:19','1978-01-10 07:34:51',1,3,2),(3,2,'1998-03-17 07:02:40','1978-02-08 22:09:49',2,1,3),(4,67,'1997-07-27 11:26:25','1980-01-26 23:26:09',3,1,4),(5,41,'2000-10-04 11:25:08','1977-03-17 01:29:15',3,3,5),(6,41,'2020-08-28 01:45:46','2008-10-10 14:39:08',3,2,6),(7,96,'2000-10-24 16:04:16','1988-08-08 15:38:59',3,3,7),(8,62,'1994-08-20 03:42:19','2002-01-07 01:04:41',1,2,8),(9,1,'2001-11-29 14:09:20','1988-05-09 02:29:45',3,1,9),(10,39,'2005-01-20 06:30:36','2020-06-25 17:02:55',2,1,10),(11,98,'1985-08-21 07:43:52','1998-12-16 09:48:30',3,2,11),(12,31,'2000-10-20 15:16:02','2017-07-30 12:29:53',1,2,12),(13,91,'1981-06-20 00:15:27','2000-03-07 07:11:18',2,3,13),(14,76,'1984-04-24 16:01:36','2002-03-08 22:35:01',1,1,14),(15,31,'1984-01-02 06:26:31','1970-11-05 19:15:51',3,2,15),(16,21,'2016-05-26 11:51:54','1974-07-25 08:33:47',2,1,16),(17,95,'1991-02-19 02:52:56','2010-12-30 03:48:46',1,3,17),(18,62,'2005-04-26 02:27:38','2003-10-11 13:59:38',3,3,18),(19,83,'1973-01-25 03:57:25','1975-04-22 07:52:03',1,3,19),(20,92,'1997-12-19 04:56:10','2009-02-22 18:31:27',1,3,20),(21,11,'1971-08-07 04:56:19','1981-04-05 05:26:55',1,3,21),(22,15,'2019-09-13 15:27:08','1997-02-19 23:09:12',1,1,22),(23,2,'1990-03-14 17:07:43','1985-05-28 17:41:37',3,1,23),(24,39,'2005-12-21 17:05:42','1971-09-13 09:54:00',1,3,24),(25,70,'1996-12-30 02:27:23','1977-09-16 05:26:40',3,3,25),(26,66,'1996-12-06 08:11:02','2014-12-06 23:28:25',3,2,26),(27,46,'2010-06-08 18:28:23','1989-02-25 10:49:24',3,2,27),(28,1,'1990-02-18 07:59:36','2003-08-05 16:26:45',2,1,28),(29,59,'2004-05-12 11:12:03','1981-07-30 04:40:46',3,3,29),(30,54,'2000-08-01 02:34:53','1976-04-03 14:04:16',3,2,30),(31,75,'1972-10-23 19:12:46','2018-10-15 09:54:15',3,3,31),(32,51,'1971-05-17 03:34:16','1973-07-04 06:17:08',3,1,32),(33,3,'1983-08-01 11:23:17','2001-03-23 00:12:09',1,1,33),(34,66,'1979-12-02 07:04:33','2003-06-10 03:12:42',3,2,34),(35,39,'2010-02-13 17:18:47','1970-03-22 21:14:05',2,3,35),(36,9,'1972-06-02 23:07:30','2020-12-16 16:08:35',2,3,36),(37,90,'2011-03-22 10:06:41','1985-05-19 03:33:36',1,3,37),(38,57,'1993-10-07 05:31:30','1987-04-23 22:21:28',3,2,38),(39,98,'2011-03-08 06:48:48','1983-06-14 11:02:43',3,1,39),(40,94,'2016-07-13 11:13:58','1971-10-02 18:44:31',3,2,40),(41,73,'1980-08-05 12:36:03','1988-03-03 21:54:00',2,3,41),(42,34,'2013-12-12 03:02:29','1972-04-02 16:11:34',1,1,42),(43,56,'1984-02-13 21:14:26','2001-11-26 02:38:39',2,2,43),(44,55,'2014-10-04 20:50:50','2009-09-15 19:52:47',1,2,44),(45,9,'1985-01-03 22:53:00','1985-09-27 07:16:12',1,2,45),(46,4,'2016-02-20 17:26:08','1975-12-26 03:59:48',3,3,46),(47,83,'1997-02-02 15:47:45','2002-01-21 22:59:31',2,1,47),(48,53,'1977-10-16 02:54:06','1986-10-14 16:42:40',3,3,48),(49,66,'1981-09-09 08:41:46','1997-04-18 07:35:29',1,1,49),(50,71,'1972-10-03 15:54:13','2000-10-10 21:40:16',1,1,50),(51,77,'1978-07-12 21:44:35','2012-09-16 06:36:53',3,3,51),(52,54,'1989-06-27 14:49:52','2006-09-14 00:12:11',2,1,52),(53,1,'1982-09-20 07:42:26','1983-07-14 01:27:11',1,1,53),(54,56,'2002-10-15 21:21:52','2007-01-15 00:47:51',3,3,54),(55,5,'2013-12-09 01:43:12','1995-06-30 10:57:44',2,2,55),(56,66,'1980-04-26 07:54:24','2015-03-03 17:26:24',3,3,56),(57,9,'1973-03-01 15:56:35','1986-06-23 11:07:45',3,2,57),(58,96,'1986-08-23 09:04:22','1987-05-18 21:22:16',2,1,58),(59,33,'1989-11-02 22:01:47','2017-05-30 23:23:29',2,3,59),(60,80,'2018-02-04 19:59:26','2012-05-15 00:09:09',2,2,60),(61,59,'2020-06-29 08:19:18','2004-02-20 14:01:17',3,2,61),(62,25,'1977-08-27 06:23:50','1991-02-12 02:13:22',2,2,62),(63,38,'1980-12-11 07:58:23','1985-03-19 03:38:35',3,2,63),(64,26,'1973-01-18 11:37:47','2007-01-06 21:40:56',1,2,64),(65,97,'1972-12-23 07:59:28','1970-02-14 17:12:48',3,1,65),(66,7,'2015-04-27 03:50:51','2014-02-04 04:28:21',3,2,66),(67,75,'2007-10-06 15:56:37','2010-02-27 03:47:37',2,3,67),(68,38,'1997-04-27 16:35:47','1992-11-14 10:15:31',3,3,68),(69,71,'1996-03-08 22:32:53','1996-06-18 14:19:38',3,2,69),(70,74,'1990-03-18 04:43:22','2014-12-16 11:34:42',3,1,70),(71,44,'2019-10-15 21:36:50','2018-08-07 19:11:37',2,3,71),(72,53,'1997-01-10 08:18:23','1998-03-17 22:26:59',2,2,72),(73,38,'1970-02-07 20:41:45','1970-07-29 23:54:01',2,1,73),(74,18,'2020-06-23 19:03:42','2000-09-08 16:52:33',3,2,74),(75,98,'1985-12-09 19:02:52','1973-04-08 11:49:57',3,1,75),(76,12,'1974-12-29 22:43:56','2014-02-01 16:25:31',2,3,76),(77,80,'1988-03-06 02:17:27','1979-07-14 01:23:33',2,3,77),(78,97,'1992-06-30 04:31:37','1995-12-10 20:07:13',1,2,78),(79,14,'1976-01-12 23:06:05','2014-08-03 01:22:08',1,3,79),(80,20,'2015-07-15 05:08:28','2010-01-24 07:40:00',1,3,80),(81,19,'2011-04-23 02:10:42','1989-10-16 20:29:16',1,2,81),(82,83,'1985-04-28 23:24:07','2011-08-20 17:32:44',3,2,82),(83,87,'2002-12-26 18:07:09','2001-03-18 18:29:49',1,1,83),(84,69,'1996-03-19 06:22:29','2006-08-23 07:39:17',2,2,84),(85,15,'1984-11-22 09:43:33','1989-02-08 06:34:14',2,2,85),(86,32,'1994-05-15 00:50:51','1999-11-30 09:27:41',2,2,86),(87,81,'1998-04-22 12:58:24','2007-10-21 12:39:07',3,3,87),(88,10,'2011-06-06 05:29:52','1987-03-22 07:57:17',1,2,88),(89,33,'2005-08-25 22:43:55','1973-12-27 15:48:37',1,2,89),(90,88,'1976-12-13 08:22:45','1992-03-21 06:46:34',1,3,90),(91,24,'1970-08-08 22:44:05','1993-03-20 05:17:20',3,1,91),(92,87,'2009-09-15 21:55:50','1979-04-14 19:11:25',1,3,92),(93,35,'1985-09-19 13:56:15','1995-07-27 07:25:05',3,1,93),(94,21,'2002-01-23 08:34:26','1984-11-09 04:06:43',2,3,94),(95,6,'2019-10-22 13:04:08','1998-11-10 06:57:55',2,3,95),(96,59,'1995-06-23 10:45:23','1979-06-16 15:59:05',1,3,96),(97,66,'1991-09-22 16:20:18','1982-03-31 09:02:16',2,2,97),(98,18,'2000-10-08 05:47:59','1979-05-20 15:42:47',2,3,98),(99,63,'1982-10-26 16:00:38','2019-09-20 11:44:27',3,3,99),(100,8,'1986-03-30 12:08:35','2009-10-06 16:36:12',3,2,100);
/*!40000 ALTER TABLE `orders` ENABLE KEYS */;
UNLOCK TABLES;

--
-- Table structure for table `session_types`
--

DROP TABLE IF EXISTS `session_types`;
/*!40101 SET @saved_cs_client     = @@character_set_client */;
/*!50503 SET character_set_client = utf8mb4 */;
CREATE TABLE `session_types` (
  `id` int unsigned NOT NULL AUTO_INCREMENT,
  `name` varchar(30) DEFAULT NULL,
  PRIMARY KEY (`id`)
) ENGINE=InnoDB AUTO_INCREMENT=4 DEFAULT CHARSET=utf8mb4 COLLATE=utf8mb4_0900_ai_ci;
/*!40101 SET character_set_client = @saved_cs_client */;

--
-- Dumping data for table `session_types`
--

LOCK TABLES `session_types` WRITE;
/*!40000 ALTER TABLE `session_types` DISABLE KEYS */;
INSERT INTO `session_types` VALUES (1,'quaerat'),(2,'dolorum'),(3,'qui');
/*!40000 ALTER TABLE `session_types` ENABLE KEYS */;
UNLOCK TABLES;

--
-- Table structure for table `status_type`
--

DROP TABLE IF EXISTS `status_type`;
/*!40101 SET @saved_cs_client     = @@character_set_client */;
/*!50503 SET character_set_client = utf8mb4 */;
CREATE TABLE `status_type` (
  `id` int unsigned NOT NULL AUTO_INCREMENT,
  `name` varchar(30) DEFAULT NULL,
  PRIMARY KEY (`id`)
) ENGINE=InnoDB AUTO_INCREMENT=4 DEFAULT CHARSET=utf8mb4 COLLATE=utf8mb4_0900_ai_ci;
/*!40101 SET character_set_client = @saved_cs_client */;

--
-- Dumping data for table `status_type`
--

LOCK TABLES `status_type` WRITE;
/*!40000 ALTER TABLE `status_type` DISABLE KEYS */;
INSERT INTO `status_type` VALUES (1,'odit'),(2,'dolor'),(3,'quae');
/*!40000 ALTER TABLE `status_type` ENABLE KEYS */;
UNLOCK TABLES;

--
-- Table structure for table `subcategory`
--

DROP TABLE IF EXISTS `subcategory`;
/*!40101 SET @saved_cs_client     = @@character_set_client */;
/*!50503 SET character_set_client = utf8mb4 */;
CREATE TABLE `subcategory` (
  `id` int NOT NULL AUTO_INCREMENT,
  `subcategory_title` varchar(30) DEFAULT NULL,
  `subcategory_descriptio` varchar(255) DEFAULT NULL,
  PRIMARY KEY (`id`)
) ENGINE=InnoDB AUTO_INCREMENT=11 DEFAULT CHARSET=utf8mb4 COLLATE=utf8mb4_0900_ai_ci;
/*!40101 SET character_set_client = @saved_cs_client */;

--
-- Dumping data for table `subcategory`
--

LOCK TABLES `subcategory` WRITE;
/*!40000 ALTER TABLE `subcategory` DISABLE KEYS */;
INSERT INTO `subcategory` VALUES (1,'quod','Culpa ea omnis qui nihil laudantium blanditiis soluta. Accusamus voluptatem impedit nostrum fugiat. Molestiae libero dolor et ad iure ab. Ut quia consequatur eaque est dolores sed.'),(2,'quo','Officia rerum id nihil. Fugiat qui est ex distinctio dolor. Et qui aut enim fugit ut nisi.'),(3,'sit','Incidunt occaecati et iusto aut sit totam. Quia ratione non sit. Unde facere qui quisquam nihil inventore. Dignissimos molestias quis et dolorum ut exercitationem tempora ut.'),(4,'debitis','Quidem ea ut laboriosam debitis. Debitis molestiae sunt quia temporibus asperiores fuga voluptas qui. Ullam omnis deleniti beatae.'),(5,'cupiditate','Enim sunt qui quod vitae tenetur. Quo sapiente necessitatibus ut occaecati et provident sint rerum. Quos aliquam nihil voluptatem quia vel. Atque alias omnis unde qui pariatur.'),(6,'corrupti','Ex voluptatem sed nam deleniti explicabo harum soluta. Et maxime error illo eum debitis. Ut minus aut dicta officia quis qui labore rerum. Tempora rerum iusto ut at est.'),(7,'tempore','Officia sint dolores eum possimus deserunt aperiam non. Qui ut sint cupiditate expedita. Perspiciatis eos ad in vitae voluptatem.'),(8,'et','Ducimus aut rem architecto qui voluptas delectus incidunt. Neque odit sit et tempora voluptatem et reiciendis est. Fugit placeat corrupti et adipisci aliquid.'),(9,'modi','Qui ut dolor nobis nesciunt. Consequatur quia quasi sed. Ipsum voluptas architecto aliquam aut.'),(10,'fugiat','Ipsa pariatur est qui voluptas adipisci velit sed. Qui quasi molestias iusto unde est quam. Ut iste nemo aut optio. Vero quaerat et id. Magni a dolor qui commodi sit.');
/*!40000 ALTER TABLE `subcategory` ENABLE KEYS */;
UNLOCK TABLES;

--
-- Table structure for table `users`
--

DROP TABLE IF EXISTS `users`;
/*!40101 SET @saved_cs_client     = @@character_set_client */;
/*!50503 SET character_set_client = utf8mb4 */;
CREATE TABLE `users` (
  `id` bigint unsigned NOT NULL AUTO_INCREMENT,
  `first_name` varchar(145) NOT NULL,
  `last_name` varchar(145) NOT NULL,
  `email` varchar(145) NOT NULL,
  `phone` char(11) NOT NULL,
  `password_hash` char(65) DEFAULT NULL,
  `birthday` date NOT NULL,
  `city` varchar(130) DEFAULT NULL,
  `delivery_address` varchar(130) DEFAULT NULL,
  `gender` enum('f','m') NOT NULL,
  `created_at` datetime NOT NULL DEFAULT CURRENT_TIMESTAMP,
  PRIMARY KEY (`id`),
  UNIQUE KEY `email_unique_idx` (`email`),
  UNIQUE KEY `phone_unique_idx` (`phone`)
) ENGINE=InnoDB AUTO_INCREMENT=101 DEFAULT CHARSET=utf8mb4 COLLATE=utf8mb4_0900_ai_ci;
/*!40101 SET character_set_client = @saved_cs_client */;

--
-- Dumping data for table `users`
--

LOCK TABLES `users` WRITE;
/*!40000 ALTER TABLE `users` DISABLE KEYS */;
INSERT INTO `users` VALUES (1,'Dewitt','Dooley','ojohnson@example.com','(544)027-76','817bc0453d4cab981c4ee9b739fde63124babc81','2009-03-22','Christiansenshire','772 Wade Crescent','f','1973-03-05 22:13:59'),(2,'Davin','McGlynn','walsh.domenick@example.org','(861)105-91','9f9ae6b8b526f2b6c8c828511996166f8f4e0369','1985-10-12','Hahnport','575 Howell Ranch','f','1978-01-21 09:22:32'),(3,'Luigi','Ruecker','summer98@example.com','01586408456','86f0f361139e76de9000209562e5e46ca27f1f5f','2019-05-23','Ronnyview','825 Vince Alley Apt. 247','f','1993-07-05 08:57:02'),(4,'Carmella','Towne','miller.christiansen@example.net','(825)035-30','8dd85a1b938632350b429a5efbba30e4fdf4e559','1992-08-21','Janachester','357 Milo Ports Suite 393','f','1999-11-18 21:48:20'),(5,'Jakob','Walker','dmorissette@example.org','307-107-139','fa6e49ae4dbd4b5b5248c387d50cb8348d07a9db','2004-12-10','New Elinorhaven','481 Erin Pike Suite 212','m','2008-02-11 21:15:34'),(6,'Eusebio','Emmerich','smueller@example.com','549.699.035','932b4ae903aef91a10eebfbc62a73f3b97f56ef8','1979-01-16','Port Winstonburgh','261 Cynthia Forest','m','1996-01-30 21:18:24'),(7,'Jeramie','Weimann','ospencer@example.com','523-484-530','97bda9c414c3a5e72c3c65e8693ff951a6d0171f','2008-09-15','Goyettefort','60209 O\'Reilly Pine','m','1989-02-21 23:05:06'),(8,'Lera','Schimmel','rohan.katelin@example.org','695-604-173','11803acc31cef686ff3877dde0502a7051728fb9','1979-09-06','Johnsbury','565 Lurline Drives Suite 102','f','2019-11-04 02:36:07'),(9,'Tierra','Mann','streutel@example.com','06318548161','5ec425b0f3f32d545d7c55b45be4d97f887a4cc8','2000-07-14','Port Kaleigh','54374 Hans Tunnel Apt. 514','m','1987-01-03 18:00:16'),(10,'Wendell','Boehm','murray.cali@example.org','1-097-446-6','81eca53156f0ed1f7cf37cf89b13966a2d0f8423','1993-11-28','North Hailie','3693 Olson Inlet Suite 879','f','2014-11-21 16:37:07'),(11,'Alexandria','Nicolas','pmosciski@example.com','671.037.190','05a458107cfa46958d195ae235b3159622682feb','2002-05-01','Cassinberg','60723 Green Well','f','2019-01-09 15:22:19'),(12,'Llewellyn','Bahringer','gardner68@example.net','508.080.016','5943858641c1d056a8c919311e6610a7d11e624f','2004-05-28','Lindgrenton','3480 Treutel Meadow','m','2006-02-16 06:37:30'),(13,'Weston','Aufderhar','enid60@example.net','980-662-649','4438966aaa420c94999abdf5c346c606b64908f3','2009-07-22','Port Enaland','383 Florine Island Apt. 747','f','2020-03-08 00:36:35'),(14,'Derrick','Orn','ardella49@example.net','02288470574','8f4bdb6626e4b07df8340938166fe232ba20b44d','1988-01-15','Hintzton','471 Noah Plains','f','2009-09-23 01:18:31'),(15,'Cordie','Mosciski','jbernhard@example.net','1-032-440-4','eb3e97e6483491c54c82d18a477dbf30d5fe17e4','1994-05-10','Torphymouth','177 Kiel Isle Suite 055','m','2003-04-24 03:44:03'),(16,'Elissa','Keebler','ghintz@example.net','259-180-804','70d4cfb2130b9382c8c248a14d4188075381a84e','1970-03-07','East Westonbury','667 Guadalupe Trace','f','1971-12-19 22:36:26'),(17,'Parker','Glover','ellie12@example.com','1-242-463-0','6e87d55fa3af7d6db980a6bfb96cc44173a12e52','2002-06-05','South Jaeden','9533 Murphy Shoals Suite 109','m','1996-12-05 12:58:45'),(18,'Retha','Collins','dasia97@example.com','1-054-743-1','55063a4bbfa90ba0e62a7f4eff8dab31ce7f9276','1992-07-17','Lake Leann','066 Thalia Crossroad','m','2016-06-28 11:17:38'),(19,'Coleman','Harris','julian57@example.org','06027171242','bc7e89635479a83d6010820e5cad8b1e53296596','2019-11-18','South Alexandromouth','885 Mireille Courts Apt. 524','m','2002-11-29 20:53:19'),(20,'Jodie','Jacobs','rodrigo96@example.net','(948)645-02','2e5af91b0835cbb8c1f5695eda3116778cacef97','1973-03-22','Julietside','784 Sammy Port','f','1999-01-25 02:59:17'),(21,'Laverne','Bradtke','veffertz@example.com','1-244-827-6','f63ab979955983139ebd6192a527b4d7b756b366','1981-10-08','Boylemouth','370 Gutkowski Crossroad','f','1971-03-17 19:55:37'),(22,'Chadrick','Medhurst','laurence.connelly@example.org','1-352-320-5','7022d52013560e1fc5c44086b731990da93005d0','2001-11-30','Kunzeport','513 Palma Lane','f','2016-12-03 14:05:06'),(23,'Noah','Mertz','plesch@example.org','440.104.912','3027596f17682962b30836a606ed8106100e7e01','1998-11-11','Port Karolannton','81448 Magnolia Mountains Suite 049','m','2005-10-01 10:40:18'),(24,'Mariane','Leffler','dee.bradtke@example.org','1-767-365-4','960bcab9cbe2f5af975997857b8453b03ff41f78','1997-05-17','Zulaufville','051 Reynolds Roads','m','2009-02-07 03:37:16'),(25,'Trever','Stiedemann','lang.oswaldo@example.org','599.968.584','a890eada0e57fea3d0e4064263333a5ac55972e7','1970-11-02','South Stacey','144 Camilla Point Apt. 746','m','2009-06-18 11:01:45'),(26,'Cameron','Schmitt','cole03@example.net','(584)325-91','d8645064dca921b153571e7867635497efde5bab','2017-09-10','New Nathanialside','2902 Reinger Branch','f','2009-09-03 10:25:52'),(27,'Hans','Kulas','winifred99@example.org','(779)673-06','45bbfa71f2e4a0993ad9bb34a088b123d7ea5f88','2008-08-31','North Karlistad','780 West Brook Apt. 394','m','2014-11-17 05:53:53'),(28,'Zion','Pfeffer','greenholt.janelle@example.com','559-883-539','29045d1e0ad7c120240d1a486bbfdaa7fed60cf5','1991-08-05','Emersonshire','8261 Carroll Greens Apt. 237','f','1978-08-22 15:36:18'),(29,'Elenora','Fritsch','jmitchell@example.net','586-835-655','eaead703f5afdcabb931fe18dc4d60ce23787e45','1988-10-03','North Willow','4974 Filomena Trafficway Suite 678','f','1986-12-31 13:01:35'),(30,'Ashton','Kihn','anibal.murphy@example.com','(152)517-09','385c4f423ea7811a5f6bc54adad29df0b2ec43ad','2003-03-12','West Nathanial','99124 Armstrong Fall Apt. 606','f','1972-01-12 17:08:23'),(31,'Kamren','Turner','rboehm@example.org','01237416042','4ef8f2da0e1c72ff1852de1ddb0dbeff54c3604a','1974-08-12','Whiteburgh','83787 Kayli Place','f','1983-03-01 22:49:30'),(32,'Jabari','Casper','grimes.trinity@example.com','998-421-905','65adb871c801bb39553e945a4caf68cea8c509ab','1997-02-21','Port Daisy','3892 Prosacco Circles','f','2002-03-19 15:02:24'),(33,'Jarvis','Adams','burnice.schmitt@example.net','853.674.892','0e2b62006b05275d91c2194430cc1dad19c8b422','1980-02-04','South Ernestine','818 Herman Rapid','m','2009-01-09 03:37:38'),(34,'Angel','Tillman','frances03@example.org','505-807-457','fd7dd3682b851590e09b09a15095c0232c5001c2','1986-11-03','Lake Marlene','837 Lakin Forges','f','1978-01-18 00:47:38'),(35,'Jaquan','Weissnat','vdaniel@example.net','912.993.611','cffb4e5b42eedf072f9a5126b92901557182d484','2012-02-17','Lake Terrellchester','64018 Shannon Mission','f','1995-09-23 08:15:54'),(36,'Pietro','Yundt','preichert@example.net','740-753-250','2d3f2778cecf35ceb8f0c226c61f9f92beb79b5f','1985-08-27','Haleyborough','9967 Harvey Manor Suite 047','m','2003-06-13 00:48:01'),(37,'Mae','Will','winifred57@example.net','(078)522-55','e6701f75ccc08716e0d6dde8bac31a2d2aad67bb','2014-09-16','Ashtonton','14279 Greenholt Falls Suite 056','m','1988-12-21 23:13:51'),(38,'Willard','Wisozk','heaven43@example.net','06792153406','74bbc3f06d1fe51347c7a7bc33c6075c6c65a3e1','1982-04-18','Lake Thalia','162 Nina Fort Apt. 662','f','1980-06-18 11:28:42'),(39,'Mackenzie','Lehner','eugenia.hermann@example.com','(775)985-93','efb494895efd8b8c0d7b606edce7b24850b931e6','2016-09-28','Emieburgh','793 Justus Ridge','f','1994-02-22 05:56:04'),(40,'Hanna','Jenkins','brakus.emil@example.net','1-136-762-3','f169782dc74f27ca984340fbd3579d6c70d77d9a','1995-03-03','South Noestad','3498 Fiona Heights','m','2014-04-23 10:23:37'),(41,'Colin','Dach','powlowski.vada@example.com','726.942.968','aabd1792612b3f5ba65db8a92992745e98eb617d','2007-09-27','Schusterborough','413 Dooley Mountain Apt. 543','m','1971-12-09 04:41:44'),(42,'Parker','Connelly','jmueller@example.net','1-799-062-0','869001b3f804fd7e615097673b3f98311feb15c2','2008-12-28','Lake Katlynnburgh','752 Leo Mill Suite 270','f','1972-12-18 20:32:55'),(43,'Dulce','Hand','olga.lemke@example.com','300.250.916','c5994490d9ba60f6b183de7a01dd7c8437a84982','1976-11-24','West Jessestad','21482 Garnett Pike Apt. 660','f','1993-11-25 04:16:46'),(44,'Sophie','Bergnaum','elnora.tillman@example.org','332-494-994','80657722b7c61b52d6f22e72d26d8e3833d72770','2005-08-20','Yostbury','55239 Elenor Throughway','m','1982-03-08 16:57:29'),(45,'Xander','Mills','eladio08@example.org','395.176.777','bbaec0795713c5a8ce57ffa1ffb30bd62e7ff23e','1981-11-03','North Tressastad','334 Jackie Lodge','m','2017-06-23 03:05:04'),(46,'Citlalli','Will','schimmel.kirstin@example.org','1-799-924-7','100c0ca047a390ff7feb89fcafed4f3a4d933a7a','1970-10-16','Lubowitzport','853 Bode Forest Apt. 590','m','1989-06-23 11:42:26'),(47,'Cade','Mohr','von.maude@example.org','(683)825-39','c03be3b7439b8e3dccca164aced83231968627a1','1996-02-10','East Carletontown','6518 Toy Estates Apt. 920','m','1981-03-09 03:32:26'),(48,'Troy','Murray','egreenfelder@example.com','370-724-550','6f583a6ceade233ca040515ac673074ae7bd60fb','1981-05-21','Port Ora','488 Harvey Shore','m','2007-07-24 12:43:07'),(49,'Santa','Rolfson','elmira64@example.net','1-201-028-6','6c1fef38a8512ac5874474d9c3fce579c0bfaff2','1970-02-01','Champlinberg','36742 Pollich Springs','f','1992-05-13 21:39:45'),(50,'Samantha','Kuphal','doyle.isadore@example.com','(670)088-43','0ed24cf3e685c4acc4d3be08977d130177f8994c','1980-05-18','New Kendall','824 Howell Stream Suite 852','m','1981-07-06 13:25:23'),(51,'Asha','Cronin','whane@example.com','06781992748','270889bccd78074584b5ef1effac47189c907131','1976-03-07','Amyview','0599 Towne Creek Suite 109','f','1972-07-31 11:51:43'),(52,'Yesenia','King','selina34@example.org','(631)782-28','47a50fefb4087065409d2ac8553bbcdc70f5d913','1996-02-02','West Christopbury','2556 Beier Locks','m','1985-01-05 02:10:23'),(53,'Marlene','Morar','osinski.eddie@example.com','090-692-699','ed10590000d83fc89ca06ec3236fae2d7a9e1a3f','1984-01-16','Port Ashtyn','09724 Lucious Shores','m','2008-04-04 22:54:30'),(54,'Bonita','Farrell','bosco.lori@example.org','(671)126-41','9f28bb084187d0f5c89d6abe1c200202ec591e23','1996-03-01','Schinnerton','2430 Fatima Lakes','f','2012-10-11 11:01:45'),(55,'Kelley','Glover','jwillms@example.com','(338)012-18','342eb476023001bf1f1824dcfe38bc82f369311d','2002-06-06','East Alysson','45932 Leola Street','m','1986-03-12 11:52:21'),(56,'Soledad','Hermiston','vziemann@example.com','1-353-157-0','9663e35c8570868e66316d41486166ae3d68bc76','2019-12-21','South Mariettatown','935 Heidenreich Avenue','m','1974-06-13 05:46:42'),(57,'Shania','Durgan','ericka.stroman@example.org','00735156507','cdf47ec13c241ee6e9d5610b9b493cee3153501e','2018-07-01','Grahamberg','46573 Dana Street Suite 684','f','1992-09-24 10:15:03'),(58,'Celestino','Halvorson','fay.evie@example.com','635.406.806','98ba1aa4abb6a31c22dfbc08713018fc29145e32','1982-03-01','Port Daishaberg','04430 Ashlynn Square','m','2000-02-14 05:09:29'),(59,'Haylie','Zemlak','prince.reinger@example.net','916-701-507','833b496c7341f95e336bcc72ec22c6da97cb4502','2017-12-16','North Anahimouth','3867 D\'Amore Station','m','2015-09-22 18:22:59'),(60,'Camden','Jones','renner.manuel@example.org','1-150-107-5','f2c2131b453293f415a59d4208d0ff63052bd36d','1978-10-13','Lake Fabiola','48260 Kris Overpass','m','1996-01-24 11:44:35'),(61,'Osvaldo','Lueilwitz','rroberts@example.org','085.239.361','0ffdb2e1573c88edf38aad794ff8be09f9189f3b','1997-09-21','Lake Elnora','79847 Beahan Greens','m','2006-08-22 07:49:07'),(62,'Peter','Predovic','myah18@example.net','393-685-657','14d0ff2f7aa0893e6af28ef35122802a650b97b4','2014-08-20','East Richieport','547 Rae Garden','f','2010-02-16 23:59:16'),(63,'Concepcion','Ferry','dallin49@example.org','361.227.241','11e44d3aaa0aa5c4ee008ce0abae3d3b736f4e09','2002-07-17','North Uriah','12161 Nils Valley','m','1997-02-21 05:30:05'),(64,'Celestine','Wehner','ymckenzie@example.net','280-295-500','a104bce497a36dd0b580312db105931be202edb0','2004-10-10','Friedamouth','6584 Nedra Stream Apt. 747','m','1985-08-24 04:26:21'),(65,'America','Stamm','will.hassie@example.net','1-015-308-5','03bb9a8c44b33b29479f6fe87f65dbb218808a40','1980-09-20','New Robbhaven','962 Hester Circles','f','1979-12-12 02:04:40'),(66,'Betty','Donnelly','xgoodwin@example.net','+59(1)21470','bd5008bdf93208f0b7b7b06857257c632612e624','2018-03-29','Darbyland','4712 Schiller Spurs','f','1996-05-30 00:24:20'),(67,'Zelma','Stiedemann','hyatt.murray@example.net','+36(7)66661','1fd6f524af36ec1015bb74cd53463b6054a80cfa','2013-04-07','Balistrerishire','41135 Felix Views','m','2018-02-05 12:09:55'),(68,'Noemy','Kassulke','pascale.harris@example.com','663-438-971','82376b92aefc7fe4bbf71bc913dd42f53097eefb','1975-03-01','North Vedaborough','00666 Destini Hills','f','2018-04-04 20:04:36'),(69,'Marco','Kub','jerad22@example.net','452-845-191','303c63b3317e6e733d8b0d7e2b28e254de1537c8','1980-04-15','Jaydashire','964 Frami Pines','f','2000-09-02 19:14:32'),(70,'Deshawn','Emard','quigley.yazmin@example.org','(853)036-95','6e111882ff372c6bd2cd1723077ff9ea368b9f2d','2001-08-11','Heathcotestad','22282 Toy Neck Apt. 444','m','1995-07-09 05:04:55'),(71,'Georgette','Hamill','lessie.kohler@example.org','1-387-703-7','00e653f212c00767464e592b2a0f5c2e499dd461','2000-04-03','Schowalterhaven','87529 Rohan Turnpike Suite 333','m','2009-01-26 00:54:56'),(72,'Monique','Koss','kcummings@example.com','(778)480-73','ed6862aa0a6268f249b0c083c87090fe2c1f9e59','1998-08-22','Jackelineshire','565 Karlee Corner','f','1979-11-24 16:13:46'),(73,'Carson','McGlynn','qkoepp@example.net','08209297676','0a2823dd9c420efafc4a330005a12c553ea81509','2010-09-07','Schambergermouth','0388 Tracey Squares','f','2003-07-27 05:20:49'),(74,'Chris','Veum','sonia.herman@example.net','383.679.517','8bbc6541f960deec6a66e1decfcc26d1421838ee','1989-07-17','Lake Carletonburgh','39827 Abernathy Motorway','m','2008-10-03 12:49:35'),(75,'Kyra','Ernser','hschulist@example.com','825.961.508','78c3f9f4c2f27aa0ac48cd0bada282da9b29d3e7','2005-12-28','Evangelineside','205 Camden Rue','f','1988-09-15 08:00:27'),(76,'Piper','Ernser','lmoore@example.org','(768)225-51','506ff2999e5c186da5b58a7faf117f679a50bc32','1989-11-19','New Neomastad','304 Tristin Glen','f','1990-12-24 00:10:41'),(77,'Clotilde','Buckridge','rippin.cedrick@example.net','(217)277-10','868b5eb84a353c0294789f3fea701f94f8eec34c','2010-04-20','Deckowstad','2929 Beer Burgs','f','2004-08-01 16:48:24'),(78,'Dwight','Heathcote','coy94@example.org','1-500-345-0','862d995dfa5b1f8b4b92a7d8c8cb9671a7810a2a','2010-07-21','New Frankie','877 Mann Mission','f','1985-10-28 12:31:11'),(79,'Paul','McCullough','kuhlman.fredy@example.org','398.541.274','05ae5e4bfebffa9c045433f932046ccdd50b8cd7','1983-07-13','Mackshire','215 Norma Field Suite 300','m','1983-01-13 22:12:59'),(80,'Florine','Boyer','sking@example.com','1-303-552-4','c636f68249386dc3f5dfcd51e39d3e930a82ed14','1971-11-08','Sheldonburgh','8807 Kreiger Garden','m','1985-12-08 00:13:57'),(81,'Rowena','Moore','landen.feest@example.net','424-894-913','b044baee23ea4b14d40241a06c159ed1178a74db','1991-07-10','Trevionton','4540 Abbott Glen Suite 347','m','2003-01-23 22:04:35'),(82,'Haley','Bergstrom','julia.kilback@example.net','710-787-668','d7a6d2a4beec2cb36ecd78af64ece1a9003dcdd9','1984-01-08','North Albinashire','44227 Hickle Rapids','f','1997-05-26 18:29:27'),(83,'Yoshiko','Torphy','xpfannerstill@example.org','840.635.547','a2ea8dd79874c90868b81a8bc9b592d53562cdd1','2002-10-08','Bergstrommouth','026 Nelson Locks Apt. 242','m','1995-11-23 19:47:22'),(84,'Salma','Nikolaus','grice@example.org','679-364-925','0e7e1d23990f8bb7be6b7d30ff3caf000a1f8366','2004-03-20','Port Colbystad','1123 Purdy Underpass','f','2014-12-12 21:42:44'),(85,'Michaela','King','jordi.legros@example.org','1-724-601-1','e3fd22cacf3f82a7bee17af3cce64bca56e59dbe','2007-11-01','Uptonport','323 Morar Estate Apt. 792','m','1974-09-04 10:55:32'),(86,'Breana','O\'Kon','gwen.o\'connell@example.org','033-045-643','6b341a8f30c61bd23e747873f55ef8e4ca1c6cd9','1998-10-05','Casimirshire','60648 Marquardt Freeway','f','1987-08-18 13:31:34'),(87,'Bridgette','O\'Hara','mabel91@example.org','146.593.639','575bcce16e1fa51e211e6a81aba6bc9625bfd2b4','2014-10-29','O\'Konfort','92462 Theresa Ports Suite 161','m','1970-09-16 21:14:26'),(88,'Judy','Walsh','mcollins@example.org','982-578-152','e5b0739cd474b5d6b160ad9bbdcf08fce3304f4e','1977-07-29','Rebeccahaven','2731 Brielle Islands Apt. 196','f','1973-12-09 09:09:24'),(89,'Maxime','Johnston','glennie11@example.org','413-419-302','cf3e72fa16270355e989f3d4d2d6456b35a531cb','2003-12-26','Everardoport','063 Kohler Shoals','f','2009-12-21 00:44:29'),(90,'Oswaldo','Lehner','hazel.roberts@example.net','359-955-136','c5edbebf9ae063a763cd699abc25c162222ceb50','1986-07-11','Lake Connor','3645 Stanton Neck Suite 512','m','1993-09-14 03:00:45'),(91,'Orval','Cartwright','mabel27@example.com','+43(4)05648','d55fae793562b70e7cad91d0cbdc69a822348f69','1985-02-15','Rosenbaumbury','3827 Feil Avenue','m','1991-08-09 08:41:22'),(92,'Stuart','Hagenes','king.jaeden@example.com','1-499-418-1','4c002ee7f1a30fe93876afeb51d8acf7151ac536','1971-11-25','Nicolasmouth','8368 Ankunding Villages','f','1986-08-11 16:26:38'),(93,'Isaac','McClure','nhomenick@example.net','175.802.568','45bcdc26a1260550dd0f68c22c684e6678fd1322','2020-03-01','Metzview','45157 Lon Mission Apt. 633','f','2020-12-01 15:54:29'),(94,'King','Casper','monroe04@example.net','131-315-923','80d3b8ef1a92be0fe8e69069e8045f5d2d0f4644','2014-12-26','Veumton','563 Dane Stream Apt. 149','f','1971-12-19 19:27:24'),(95,'Idell','Kuphal','rhianna92@example.org','338.854.572','df849ab5defcfdf0ddab8a09ad5ad00d48364c0a','2003-01-28','Lake Sherman','719 Katelynn Drives Apt. 714','f','1988-10-05 10:21:52'),(96,'Danielle','Ratke','tyra69@example.org','1-993-926-5','27fa6104dd74d60fb4b0af8b9a39863ba7d35896','1989-11-01','Franeckimouth','1850 Suzanne Route','m','2018-05-15 04:15:29'),(97,'Gayle','Schulist','kevin85@example.net','530.265.073','ffb2c8f04b7750993e4c50b3612306625e82fef4','2007-12-27','East Zoie','9033 Ike Highway','m','2003-09-21 10:06:45'),(98,'Kade','Bailey','nola.konopelski@example.net','324.412.377','8b266a0e5fdc0d6b8d65920dcaf8ba629e13b2ac','2005-12-07','West Edythe','616 Lucie Keys Apt. 467','m','1973-04-09 16:08:36'),(99,'Perry','Lesch','pbayer@example.net','(975)275-81','8a953ad6c30d9031e5af511318ebe462a832fab7','1997-11-07','Delphineville','106 Haag Cape Suite 136','m','1988-04-02 21:15:58'),(100,'Pink','Ebert','eliane.wiza@example.com','1-979-127-0','6c99c9e77e5e7068ffbf2cb851a7c14607dbce60','1989-03-13','Malindaberg','8750 Goodwin Views','f','1992-04-03 19:23:12');
/*!40000 ALTER TABLE `users` ENABLE KEYS */;
UNLOCK TABLES;
/*!40103 SET TIME_ZONE=@OLD_TIME_ZONE */;

/*!40101 SET SQL_MODE=@OLD_SQL_MODE */;
/*!40014 SET FOREIGN_KEY_CHECKS=@OLD_FOREIGN_KEY_CHECKS */;
/*!40014 SET UNIQUE_CHECKS=@OLD_UNIQUE_CHECKS */;
/*!40101 SET CHARACTER_SET_CLIENT=@OLD_CHARACTER_SET_CLIENT */;
/*!40101 SET CHARACTER_SET_RESULTS=@OLD_CHARACTER_SET_RESULTS */;
/*!40101 SET COLLATION_CONNECTION=@OLD_COLLATION_CONNECTION */;
/*!40111 SET SQL_NOTES=@OLD_SQL_NOTES */;

-- Dump completed on 2021-04-27 11:09:03
